This is pdfTeX, Version 3.141592653-2.6-1.40.26 (TeX Live 2024) (preloaded format=pdflatex 2024.10.4)  3 APR 2025 21:55
entering extended mode
 restricted \write18 enabled.
 file:line:error style messages enabled.
 %&-line parsing enabled.
**/files/GitHub/dev/pretext-testing/test-output/sa-tf/sample-article.tex
(/files/GitHub/dev/pretext-testing/test-output/sa-tf/sample-article.tex
LaTeX2e <2024-06-01> patch level 2
L3 programming layer <2024-09-10>
(/usr/local/texlive/2024/texmf-dist/tex/latex/base/article.cls
Document Class: article 2024/02/08 v1.4n Standard LaTeX document class
(/usr/local/texlive/2024/texmf-dist/tex/latex/base/size10.clo
File: size10.clo 2024/02/08 v1.4n Standard LaTeX file (size option)
)
\c@part=\count194
\c@section=\count195
\c@subsection=\count196
\c@subsubsection=\count197
\c@paragraph=\count198
\c@subparagraph=\count199
\c@figure=\count266
\c@table=\count267
\abovecaptionskip=\skip49
\belowcaptionskip=\skip50
\bibindent=\dimen141
) (/usr/local/texlive/2024/texmf-dist/tex/latex/geometry/geometry.sty
Package: geometry 2020/01/02 v5.9 Page Geometry
 (/usr/local/texlive/2024/texmf-dist/tex/latex/graphics/keyval.sty
Package: keyval 2022/05/29 v1.15 key=value parser (DPC)
\KV@toks@=\toks17
) (/usr/local/texlive/2024/texmf-dist/tex/generic/iftex/ifvtex.sty
Package: ifvtex 2019/10/25 v1.7 ifvtex legacy package. Use iftex instead.
 (/usr/local/texlive/2024/texmf-dist/tex/generic/iftex/iftex.sty
Package: iftex 2022/02/03 v1.0f TeX engine tests
))
\Gm@cnth=\count268
\Gm@cntv=\count269
\c@Gm@tempcnt=\count270
\Gm@bindingoffset=\dimen142
\Gm@wd@mp=\dimen143
\Gm@odd@mp=\dimen144
\Gm@even@mp=\dimen145
\Gm@layoutwidth=\dimen146
\Gm@layoutheight=\dimen147
\Gm@layouthoffset=\dimen148
\Gm@layoutvoffset=\dimen149
\Gm@dimlist=\toks18
) (/usr/local/texlive/2024/texmf-dist/tex/latex/base/ifthen.sty
Package: ifthen 2024/03/16 v1.1e Standard LaTeX ifthen package (DPC)
) (/usr/local/texlive/2024/texmf-dist/tex/latex/etoolbox/etoolbox.sty
Package: etoolbox 2020/10/05 v2.5k e-TeX tools for LaTeX (JAW)
\etb@tempcnta=\count271
) (/usr/local/texlive/2024/texmf-dist/tex/generic/iftex/ifxetex.sty
Package: ifxetex 2019/10/25 v0.7 ifxetex legacy package. Use iftex instead.
) (/usr/local/texlive/2024/texmf-dist/tex/generic/iftex/ifluatex.sty
Package: ifluatex 2019/10/25 v1.5 ifluatex legacy package. Use iftex instead.
) (/usr/local/texlive/2024/texmf-dist/tex/latex/graphics/graphicx.sty
Package: graphicx 2021/09/16 v1.2d Enhanced LaTeX Graphics (DPC,SPQR)
 (/usr/local/texlive/2024/texmf-dist/tex/latex/graphics/graphics.sty
Package: graphics 2024/05/23 v1.4g Standard LaTeX Graphics (DPC,SPQR)
 (/usr/local/texlive/2024/texmf-dist/tex/latex/graphics/trig.sty
Package: trig 2023/12/02 v1.11 sin cos tan (DPC)
) (/usr/local/texlive/2024/texmf-dist/tex/latex/graphics-cfg/graphics.cfg
File: graphics.cfg 2016/06/04 v1.11 sample graphics configuration
)
Package graphics Info: Driver file: pdftex.def on input line 106.
 (/usr/local/texlive/2024/texmf-dist/tex/latex/graphics-def/pdftex.def
File: pdftex.def 2024/04/13 v1.2c Graphics/color driver for pdftex
))
\Gin@req@height=\dimen150
\Gin@req@width=\dimen151
) (/usr/local/texlive/2024/texmf-dist/tex/latex/xcolor/xcolor.sty
Package: xcolor 2024/09/29 v3.02 LaTeX color extensions (UK)
 (/usr/local/texlive/2024/texmf-dist/tex/latex/graphics-cfg/color.cfg
File: color.cfg 2016/01/02 v1.6 sample color configuration
)
Package xcolor Info: Driver file: pdftex.def on input line 274.
 (/usr/local/texlive/2024/texmf-dist/tex/latex/graphics/mathcolor.ltx)
Package xcolor Info: Model `cmy' substituted by `cmy0' on input line 1349.
Package xcolor Info: Model `hsb' substituted by `rgb' on input line 1353.
Package xcolor Info: Model `RGB' extended on input line 1365.
Package xcolor Info: Model `HTML' substituted by `rgb' on input line 1367.
Package xcolor Info: Model `Hsb' substituted by `hsb' on input line 1368.
Package xcolor Info: Model `tHsb' substituted by `hsb' on input line 1369.
Package xcolor Info: Model `HSB' substituted by `hsb' on input line 1370.
Package xcolor Info: Model `Gray' substituted by `gray' on input line 1371.
Package xcolor Info: Model `wave' substituted by `hsb' on input line 1372.
) (/usr/local/texlive/2024/texmf-dist/tex/latex/graphics/dvipsnam.def
File: dvipsnam.def 2016/06/17 v3.0m Driver-dependent file (DPC,SPQR)
) (/usr/local/texlive/2024/texmf-dist/tex/latex/xcolor/svgnam.def
File: svgnam.def 2024/09/29 v3.02 Predefined colors according to SVG 1.1 (UK)
) (/usr/local/texlive/2024/texmf-dist/tex/latex/colortbl/colortbl.sty
Package: colortbl 2024/07/06 v1.0i Color table columns (DPC)
 (/usr/local/texlive/2024/texmf-dist/tex/latex/tools/array.sty
Package: array 2024/06/14 v2.6d Tabular extension package (FMi)
\col@sep=\dimen152
\ar@mcellbox=\box52
\extrarowheight=\dimen153
\NC@list=\toks19
\extratabsurround=\skip51
\backup@length=\skip52
\ar@cellbox=\box53
)
\everycr=\toks20
\minrowclearance=\skip53
\rownum=\count272
) (/usr/local/texlive/2024/texmf-dist/tex/latex/amscls/amsthm.sty
Package: amsthm 2020/05/29 v2.20.6
\thm@style=\toks21
\thm@bodyfont=\toks22
\thm@headfont=\toks23
\thm@notefont=\toks24
\thm@headpunct=\toks25
\thm@preskip=\skip54
\thm@postskip=\skip55
\thm@headsep=\skip56
\dth@everypar=\toks26
)
\c@theorem=\count273
 (/usr/local/texlive/2024/texmf-dist/tex/latex/tcolorbox/tcolorbox.sty
Package: tcolorbox 2024/09/27 version 6.4.0 text color boxes
 (/usr/local/texlive/2024/texmf-dist/tex/latex/pgf/frontendlayer/tikz.sty (/usr/local/texlive/2024/texmf-dist/tex/latex/pgf/basiclayer/pgf.sty (/usr/local/texlive/2024/texmf-dist/tex/latex/pgf/utilities/pgfrcs.sty (/usr/local/texlive/2024/texmf-dist/tex/generic/pgf/utilities/pgfutil-common.tex
\pgfutil@everybye=\toks27
\pgfutil@tempdima=\dimen154
\pgfutil@tempdimb=\dimen155
) (/usr/local/texlive/2024/texmf-dist/tex/generic/pgf/utilities/pgfutil-latex.def
\pgfutil@abb=\box54
) (/usr/local/texlive/2024/texmf-dist/tex/generic/pgf/utilities/pgfrcs.code.tex (/usr/local/texlive/2024/texmf-dist/tex/generic/pgf/pgf.revision.tex)
Package: pgfrcs 2023-01-15 v3.1.10 (3.1.10)
))
Package: pgf 2023-01-15 v3.1.10 (3.1.10)
 (/usr/local/texlive/2024/texmf-dist/tex/latex/pgf/basiclayer/pgfcore.sty (/usr/local/texlive/2024/texmf-dist/tex/latex/pgf/systemlayer/pgfsys.sty (/usr/local/texlive/2024/texmf-dist/tex/generic/pgf/systemlayer/pgfsys.code.tex
Package: pgfsys 2023-01-15 v3.1.10 (3.1.10)
 (/usr/local/texlive/2024/texmf-dist/tex/generic/pgf/utilities/pgfkeys.code.tex
\pgfkeys@pathtoks=\toks28
\pgfkeys@temptoks=\toks29
 (/usr/local/texlive/2024/texmf-dist/tex/generic/pgf/utilities/pgfkeyslibraryfiltered.code.tex
\pgfkeys@tmptoks=\toks30
))
\pgf@x=\dimen156
\pgf@y=\dimen157
\pgf@xa=\dimen158
\pgf@ya=\dimen159
\pgf@xb=\dimen160
\pgf@yb=\dimen161
\pgf@xc=\dimen162
\pgf@yc=\dimen163
\pgf@xd=\dimen164
\pgf@yd=\dimen165
\w@pgf@writea=\write3
\r@pgf@reada=\read2
\c@pgf@counta=\count274
\c@pgf@countb=\count275
\c@pgf@countc=\count276
\c@pgf@countd=\count277
\t@pgf@toka=\toks31
\t@pgf@tokb=\toks32
\t@pgf@tokc=\toks33
\pgf@sys@id@count=\count278
 (/usr/local/texlive/2024/texmf-dist/tex/generic/pgf/systemlayer/pgf.cfg
File: pgf.cfg 2023-01-15 v3.1.10 (3.1.10)
)
Driver file for pgf: pgfsys-pdftex.def
 (/usr/local/texlive/2024/texmf-dist/tex/generic/pgf/systemlayer/pgfsys-pdftex.def
File: pgfsys-pdftex.def 2023-01-15 v3.1.10 (3.1.10)
 (/usr/local/texlive/2024/texmf-dist/tex/generic/pgf/systemlayer/pgfsys-common-pdf.def
File: pgfsys-common-pdf.def 2023-01-15 v3.1.10 (3.1.10)
))) (/usr/local/texlive/2024/texmf-dist/tex/generic/pgf/systemlayer/pgfsyssoftpath.code.tex
File: pgfsyssoftpath.code.tex 2023-01-15 v3.1.10 (3.1.10)
\pgfsyssoftpath@smallbuffer@items=\count279
\pgfsyssoftpath@bigbuffer@items=\count280
) (/usr/local/texlive/2024/texmf-dist/tex/generic/pgf/systemlayer/pgfsysprotocol.code.tex
File: pgfsysprotocol.code.tex 2023-01-15 v3.1.10 (3.1.10)
)) (/usr/local/texlive/2024/texmf-dist/tex/generic/pgf/basiclayer/pgfcore.code.tex
Package: pgfcore 2023-01-15 v3.1.10 (3.1.10)
 (/usr/local/texlive/2024/texmf-dist/tex/generic/pgf/math/pgfmath.code.tex (/usr/local/texlive/2024/texmf-dist/tex/generic/pgf/math/pgfmathutil.code.tex) (/usr/local/texlive/2024/texmf-dist/tex/generic/pgf/math/pgfmathparser.code.tex
\pgfmath@dimen=\dimen166
\pgfmath@count=\count281
\pgfmath@box=\box55
\pgfmath@toks=\toks34
\pgfmath@stack@operand=\toks35
\pgfmath@stack@operation=\toks36
) (/usr/local/texlive/2024/texmf-dist/tex/generic/pgf/math/pgfmathfunctions.code.tex) (/usr/local/texlive/2024/texmf-dist/tex/generic/pgf/math/pgfmathfunctions.basic.code.tex) (/usr/local/texlive/2024/texmf-dist/tex/generic/pgf/math/pgfmathfunctions.trigonometric.code.tex) (/usr/local/texlive/2024/texmf-dist/tex/generic/pgf/math/pgfmathfunctions.random.code.tex) (/usr/local/texlive/2024/texmf-dist/tex/generic/pgf/math/pgfmathfunctions.comparison.code.tex) (/usr/local/texlive/2024/texmf-dist/tex/generic/pgf/math/pgfmathfunctions.base.code.tex) (/usr/local/texlive/2024/texmf-dist/tex/generic/pgf/math/pgfmathfunctions.round.code.tex) (/usr/local/texlive/2024/texmf-dist/tex/generic/pgf/math/pgfmathfunctions.misc.code.tex) (/usr/local/texlive/2024/texmf-dist/tex/generic/pgf/math/pgfmathfunctions.integerarithmetics.code.tex) (/usr/local/texlive/2024/texmf-dist/tex/generic/pgf/math/pgfmathcalc.code.tex) (/usr/local/texlive/2024/texmf-dist/tex/generic/pgf/math/pgfmathfloat.code.tex
\c@pgfmathroundto@lastzeros=\count282
)) (/usr/local/texlive/2024/texmf-dist/tex/generic/pgf/math/pgfint.code.tex) (/usr/local/texlive/2024/texmf-dist/tex/generic/pgf/basiclayer/pgfcorepoints.code.tex
File: pgfcorepoints.code.tex 2023-01-15 v3.1.10 (3.1.10)
\pgf@picminx=\dimen167
\pgf@picmaxx=\dimen168
\pgf@picminy=\dimen169
\pgf@picmaxy=\dimen170
\pgf@pathminx=\dimen171
\pgf@pathmaxx=\dimen172
\pgf@pathminy=\dimen173
\pgf@pathmaxy=\dimen174
\pgf@xx=\dimen175
\pgf@xy=\dimen176
\pgf@yx=\dimen177
\pgf@yy=\dimen178
\pgf@zx=\dimen179
\pgf@zy=\dimen180
) (/usr/local/texlive/2024/texmf-dist/tex/generic/pgf/basiclayer/pgfcorepathconstruct.code.tex
File: pgfcorepathconstruct.code.tex 2023-01-15 v3.1.10 (3.1.10)
\pgf@path@lastx=\dimen181
\pgf@path@lasty=\dimen182
) (/usr/local/texlive/2024/texmf-dist/tex/generic/pgf/basiclayer/pgfcorepathusage.code.tex
File: pgfcorepathusage.code.tex 2023-01-15 v3.1.10 (3.1.10)
\pgf@shorten@end@additional=\dimen183
\pgf@shorten@start@additional=\dimen184
) (/usr/local/texlive/2024/texmf-dist/tex/generic/pgf/basiclayer/pgfcorescopes.code.tex
File: pgfcorescopes.code.tex 2023-01-15 v3.1.10 (3.1.10)
\pgfpic=\box56
\pgf@hbox=\box57
\pgf@layerbox@main=\box58
\pgf@picture@serial@count=\count283
) (/usr/local/texlive/2024/texmf-dist/tex/generic/pgf/basiclayer/pgfcoregraphicstate.code.tex
File: pgfcoregraphicstate.code.tex 2023-01-15 v3.1.10 (3.1.10)
\pgflinewidth=\dimen185
) (/usr/local/texlive/2024/texmf-dist/tex/generic/pgf/basiclayer/pgfcoretransformations.code.tex
File: pgfcoretransformations.code.tex 2023-01-15 v3.1.10 (3.1.10)
\pgf@pt@x=\dimen186
\pgf@pt@y=\dimen187
\pgf@pt@temp=\dimen188
) (/usr/local/texlive/2024/texmf-dist/tex/generic/pgf/basiclayer/pgfcorequick.code.tex
File: pgfcorequick.code.tex 2023-01-15 v3.1.10 (3.1.10)
) (/usr/local/texlive/2024/texmf-dist/tex/generic/pgf/basiclayer/pgfcoreobjects.code.tex
File: pgfcoreobjects.code.tex 2023-01-15 v3.1.10 (3.1.10)
) (/usr/local/texlive/2024/texmf-dist/tex/generic/pgf/basiclayer/pgfcorepathprocessing.code.tex
File: pgfcorepathprocessing.code.tex 2023-01-15 v3.1.10 (3.1.10)
) (/usr/local/texlive/2024/texmf-dist/tex/generic/pgf/basiclayer/pgfcorearrows.code.tex
File: pgfcorearrows.code.tex 2023-01-15 v3.1.10 (3.1.10)
\pgfarrowsep=\dimen189
) (/usr/local/texlive/2024/texmf-dist/tex/generic/pgf/basiclayer/pgfcoreshade.code.tex
File: pgfcoreshade.code.tex 2023-01-15 v3.1.10 (3.1.10)
\pgf@max=\dimen190
\pgf@sys@shading@range@num=\count284
\pgf@shadingcount=\count285
) (/usr/local/texlive/2024/texmf-dist/tex/generic/pgf/basiclayer/pgfcoreimage.code.tex
File: pgfcoreimage.code.tex 2023-01-15 v3.1.10 (3.1.10)
) (/usr/local/texlive/2024/texmf-dist/tex/generic/pgf/basiclayer/pgfcoreexternal.code.tex
File: pgfcoreexternal.code.tex 2023-01-15 v3.1.10 (3.1.10)
\pgfexternal@startupbox=\box59
) (/usr/local/texlive/2024/texmf-dist/tex/generic/pgf/basiclayer/pgfcorelayers.code.tex
File: pgfcorelayers.code.tex 2023-01-15 v3.1.10 (3.1.10)
) (/usr/local/texlive/2024/texmf-dist/tex/generic/pgf/basiclayer/pgfcoretransparency.code.tex
File: pgfcoretransparency.code.tex 2023-01-15 v3.1.10 (3.1.10)
) (/usr/local/texlive/2024/texmf-dist/tex/generic/pgf/basiclayer/pgfcorepatterns.code.tex
File: pgfcorepatterns.code.tex 2023-01-15 v3.1.10 (3.1.10)
) (/usr/local/texlive/2024/texmf-dist/tex/generic/pgf/basiclayer/pgfcorerdf.code.tex
File: pgfcorerdf.code.tex 2023-01-15 v3.1.10 (3.1.10)
))) (/usr/local/texlive/2024/texmf-dist/tex/generic/pgf/modules/pgfmoduleshapes.code.tex
File: pgfmoduleshapes.code.tex 2023-01-15 v3.1.10 (3.1.10)
\pgfnodeparttextbox=\box60
) (/usr/local/texlive/2024/texmf-dist/tex/generic/pgf/modules/pgfmoduleplot.code.tex
File: pgfmoduleplot.code.tex 2023-01-15 v3.1.10 (3.1.10)
) (/usr/local/texlive/2024/texmf-dist/tex/latex/pgf/compatibility/pgfcomp-version-0-65.sty
Package: pgfcomp-version-0-65 2023-01-15 v3.1.10 (3.1.10)
\pgf@nodesepstart=\dimen191
\pgf@nodesepend=\dimen192
) (/usr/local/texlive/2024/texmf-dist/tex/latex/pgf/compatibility/pgfcomp-version-1-18.sty
Package: pgfcomp-version-1-18 2023-01-15 v3.1.10 (3.1.10)
)) (/usr/local/texlive/2024/texmf-dist/tex/latex/pgf/utilities/pgffor.sty (/usr/local/texlive/2024/texmf-dist/tex/latex/pgf/utilities/pgfkeys.sty (/usr/local/texlive/2024/texmf-dist/tex/generic/pgf/utilities/pgfkeys.code.tex)) (/usr/local/texlive/2024/texmf-dist/tex/latex/pgf/math/pgfmath.sty (/usr/local/texlive/2024/texmf-dist/tex/generic/pgf/math/pgfmath.code.tex)) (/usr/local/texlive/2024/texmf-dist/tex/generic/pgf/utilities/pgffor.code.tex
Package: pgffor 2023-01-15 v3.1.10 (3.1.10)
\pgffor@iter=\dimen193
\pgffor@skip=\dimen194
\pgffor@stack=\toks37
\pgffor@toks=\toks38
)) (/usr/local/texlive/2024/texmf-dist/tex/generic/pgf/frontendlayer/tikz/tikz.code.tex
Package: tikz 2023-01-15 v3.1.10 (3.1.10)
 (/usr/local/texlive/2024/texmf-dist/tex/generic/pgf/libraries/pgflibraryplothandlers.code.tex
File: pgflibraryplothandlers.code.tex 2023-01-15 v3.1.10 (3.1.10)
\pgf@plot@mark@count=\count286
\pgfplotmarksize=\dimen195
)
\tikz@lastx=\dimen196
\tikz@lasty=\dimen197
\tikz@lastxsaved=\dimen198
\tikz@lastysaved=\dimen199
\tikz@lastmovetox=\dimen256
\tikz@lastmovetoy=\dimen257
\tikzleveldistance=\dimen258
\tikzsiblingdistance=\dimen259
\tikz@figbox=\box61
\tikz@figbox@bg=\box62
\tikz@tempbox=\box63
\tikz@tempbox@bg=\box64
\tikztreelevel=\count287
\tikznumberofchildren=\count288
\tikznumberofcurrentchild=\count289
\tikz@fig@count=\count290
 (/usr/local/texlive/2024/texmf-dist/tex/generic/pgf/modules/pgfmodulematrix.code.tex
File: pgfmodulematrix.code.tex 2023-01-15 v3.1.10 (3.1.10)
\pgfmatrixcurrentrow=\count291
\pgfmatrixcurrentcolumn=\count292
\pgf@matrix@numberofcolumns=\count293
)
\tikz@expandcount=\count294
 (/usr/local/texlive/2024/texmf-dist/tex/generic/pgf/frontendlayer/tikz/libraries/tikzlibrarytopaths.code.tex
File: tikzlibrarytopaths.code.tex 2023-01-15 v3.1.10 (3.1.10)
))) (/usr/local/texlive/2024/texmf-dist/tex/latex/tools/verbatim.sty
Package: verbatim 2024-01-22 v1.5x LaTeX2e package for verbatim enhancements
\every@verbatim=\toks39
\verbatim@line=\toks40
\verbatim@in@stream=\read3
) (/usr/local/texlive/2024/texmf-dist/tex/latex/environ/environ.sty
Package: environ 2014/05/04 v0.3 A new way to define environments
 (/usr/local/texlive/2024/texmf-dist/tex/latex/trimspaces/trimspaces.sty
Package: trimspaces 2009/09/17 v1.1 Trim spaces around a token list
)
\@envbody=\toks41
)
\tcb@titlebox=\box65
\tcb@upperbox=\box66
\tcb@lowerbox=\box67
\tcb@phantombox=\box68
\c@tcbbreakpart=\count295
\c@tcblayer=\count296
\c@tcolorbox@number=\count297
\l__tcobox_tmpa_box=\box69
\l__tcobox_tmpa_dim=\dimen260
\tcb@temp=\box70
\tcb@temp=\box71
\tcb@temp=\box72
\tcb@temp=\box73
) (/usr/local/texlive/2024/texmf-dist/tex/latex/tcolorbox/tcbskins.code.tex
Library (tcolorbox): 'tcbskins.code.tex' version '6.4.0'
(/usr/local/texlive/2024/texmf-dist/tex/latex/tikzfill/tikzfill.image.sty
Package: tikzfill.image 2023/08/08 v1.0.1 Image filling library for TikZ
 (/usr/local/texlive/2024/texmf-dist/tex/latex/tikzfill/tikzfill-common.sty
Package: tikzfill-common 2023/08/08 v1.0.1 Auxiliary code for tikzfill
) (/usr/local/texlive/2024/texmf-dist/tex/latex/tikzfill/tikzlibraryfill.image.code.tex
File: tikzlibraryfill.image.code.tex 2023/08/08 v1.0.1 Image filling library
\l__tikzfill_img_box=\box74
)) (/usr/local/texlive/2024/texmf-dist/tex/latex/tcolorbox/tcbskinsjigsaw.code.tex
Library (tcolorbox): 'tcbskinsjigsaw.code.tex' version '6.4.0'
)) (/usr/local/texlive/2024/texmf-dist/tex/latex/tcolorbox/tcbbreakable.code.tex
Library (tcolorbox): 'tcbbreakable.code.tex' version '6.4.0'
(/usr/local/texlive/2024/texmf-dist/tex/latex/pdfcol/pdfcol.sty
Package: pdfcol 2022-09-21 v1.7 Handle new color stacks for pdfTeX (HO)
 (/usr/local/texlive/2024/texmf-dist/tex/generic/ltxcmds/ltxcmds.sty
Package: ltxcmds 2023-12-04 v1.26 LaTeX kernel commands for general use (HO)
) (/usr/local/texlive/2024/texmf-dist/tex/generic/infwarerr/infwarerr.sty
Package: infwarerr 2019/12/03 v1.5 Providing info/warning/error messages (HO)
))
Package pdfcol Info: New color stack `tcb@breakable' = 1 on input line 23.
\tcb@testbox=\box75
\tcb@totalupperbox=\box76
\tcb@totallowerbox=\box77
) (/usr/local/texlive/2024/texmf-dist/tex/latex/tcolorbox/tcbraster.code.tex
Library (tcolorbox): 'tcbraster.code.tex' version '6.4.0'
\c@tcbrastercolumn=\count298
\c@tcbrasterrow=\count299
\c@tcbrasternum=\count300
\c@tcbraster=\count301
) (/usr/local/texlive/2024/texmf-dist/tex/latex/tcolorbox/tcbxparse.code.tex
Library (tcolorbox): 'tcbxparse.code.tex' version '6.4.0'
(/usr/local/texlive/2024/texmf-dist/tex/latex/l3packages/xparse/xparse.sty (/usr/local/texlive/2024/texmf-dist/tex/latex/l3kernel/expl3.sty
Package: expl3 2024-09-10 L3 programming layer (loader) 
 (/usr/local/texlive/2024/texmf-dist/tex/latex/l3backend/l3backend-pdftex.def
File: l3backend-pdftex.def 2024-05-08 L3 backend support: PDF output (pdfTeX)
\l__color_backend_stack_int=\count302
\l__pdf_internal_box=\box78
))
Package: xparse 2024-08-16 L3 Experimental document command parser
)) (/usr/local/texlive/2024/texmf-dist/tex/generic/pgf/frontendlayer/tikz/libraries/tikzlibrarycalc.code.tex
File: tikzlibrarycalc.code.tex 2023-01-15 v3.1.10 (3.1.10)
) (/usr/local/texlive/2024/texmf-dist/tex/latex/tcolorbox/tcbhooks.code.tex
Library (tcolorbox): 'tcbhooks.code.tex' version '6.4.0'
)
\ptxnormalparindent=\skip57
\ptxnormalparskip=\skip58
 (/usr/local/texlive/2024/texmf-dist/tex/generic/xstring/xstring.sty (/usr/local/texlive/2024/texmf-dist/tex/generic/xstring/xstring.tex
\xs_counta=\count303
\xs_countb=\count304
)
Package: xstring 2023/08/22 v1.86 String manipulations (CT)
) (/usr/local/texlive/2024/texmf-dist/tex/latex/base/inputenc.sty
Package: inputenc 2024/02/08 v1.3d Input encoding file
\inpenc@prehook=\toks42
\inpenc@posthook=\toks43
) (/usr/local/texlive/2024/texmf-dist/tex/latex/lm/lmodern.sty
Package: lmodern 2015/05/01 v1.6.1 Latin Modern Fonts
LaTeX Font Info:    Overwriting symbol font `operators' in version `normal'
(Font)                  OT1/cmr/m/n --> OT1/lmr/m/n on input line 22.
LaTeX Font Info:    Overwriting symbol font `letters' in version `normal'
(Font)                  OML/cmm/m/it --> OML/lmm/m/it on input line 23.
LaTeX Font Info:    Overwriting symbol font `symbols' in version `normal'
(Font)                  OMS/cmsy/m/n --> OMS/lmsy/m/n on input line 24.
LaTeX Font Info:    Overwriting symbol font `largesymbols' in version `normal'
(Font)                  OMX/cmex/m/n --> OMX/lmex/m/n on input line 25.
LaTeX Font Info:    Overwriting symbol font `operators' in version `bold'
(Font)                  OT1/cmr/bx/n --> OT1/lmr/bx/n on input line 26.
LaTeX Font Info:    Overwriting symbol font `letters' in version `bold'
(Font)                  OML/cmm/b/it --> OML/lmm/b/it on input line 27.
LaTeX Font Info:    Overwriting symbol font `symbols' in version `bold'
(Font)                  OMS/cmsy/b/n --> OMS/lmsy/b/n on input line 28.
LaTeX Font Info:    Overwriting symbol font `largesymbols' in version `bold'
(Font)                  OMX/cmex/m/n --> OMX/lmex/m/n on input line 29.
LaTeX Font Info:    Overwriting math alphabet `\mathbf' in version `normal'
(Font)                  OT1/cmr/bx/n --> OT1/lmr/bx/n on input line 31.
LaTeX Font Info:    Overwriting math alphabet `\mathsf' in version `normal'
(Font)                  OT1/cmss/m/n --> OT1/lmss/m/n on input line 32.
LaTeX Font Info:    Overwriting math alphabet `\mathit' in version `normal'
(Font)                  OT1/cmr/m/it --> OT1/lmr/m/it on input line 33.
LaTeX Font Info:    Overwriting math alphabet `\mathtt' in version `normal'
(Font)                  OT1/cmtt/m/n --> OT1/lmtt/m/n on input line 34.
LaTeX Font Info:    Overwriting math alphabet `\mathbf' in version `bold'
(Font)                  OT1/cmr/bx/n --> OT1/lmr/bx/n on input line 35.
LaTeX Font Info:    Overwriting math alphabet `\mathsf' in version `bold'
(Font)                  OT1/cmss/bx/n --> OT1/lmss/bx/n on input line 36.
LaTeX Font Info:    Overwriting math alphabet `\mathit' in version `bold'
(Font)                  OT1/cmr/bx/it --> OT1/lmr/bx/it on input line 37.
LaTeX Font Info:    Overwriting math alphabet `\mathtt' in version `bold'
(Font)                  OT1/cmtt/m/n --> OT1/lmtt/m/n on input line 38.
) (/usr/local/texlive/2024/texmf-dist/tex/latex/base/fontenc.sty
Package: fontenc 2021/04/29 v2.0v Standard LaTeX package
LaTeX Font Info:    Trying to load font information for T1+lmr on input line 116.
 (/usr/local/texlive/2024/texmf-dist/tex/latex/lm/t1lmr.fd
File: t1lmr.fd 2015/05/01 v1.6.1 Font defs for Latin Modern
)) (/usr/local/texlive/2024/texmf-dist/tex/latex/inconsolata/inconsolata.sty
Package: inconsolata 2019/05/17 v1.12
 `inconsolata-zi4' v1.12, 2019/05/17 Text macros for Inconsolata (msharpe) (/usr/local/texlive/2024/texmf-dist/tex/latex/base/textcomp.sty
Package: textcomp 2024/04/24 v2.1b Standard LaTeX package
) (/usr/local/texlive/2024/texmf-dist/tex/latex/xkeyval/xkeyval.sty
Package: xkeyval 2022/06/16 v2.9 package option processing (HA)
 (/usr/local/texlive/2024/texmf-dist/tex/generic/xkeyval/xkeyval.tex (/usr/local/texlive/2024/texmf-dist/tex/generic/xkeyval/xkvutils.tex
\XKV@toks=\toks44
\XKV@tempa@toks=\toks45
)
\XKV@depth=\count305
File: xkeyval.tex 2014/12/03 v2.7a key=value parser (HA)
))
\zifour@ocount=\count306
) (/usr/local/texlive/2024/texmf-dist/tex/latex/microtype/microtype.sty
Package: microtype 2024/03/29 v3.1b Micro-typographical refinements (RS)
\MT@toks=\toks46
\MT@tempbox=\box79
\MT@count=\count307
LaTeX Info: Redefining \noprotrusionifhmode on input line 1061.
LaTeX Info: Redefining \leftprotrusion on input line 1062.
\MT@prot@toks=\toks47
LaTeX Info: Redefining \rightprotrusion on input line 1081.
LaTeX Info: Redefining \textls on input line 1392.
\MT@outer@kern=\dimen261
LaTeX Info: Redefining \textmicrotypecontext on input line 2013.
\MT@listname@count=\count308
 (/usr/local/texlive/2024/texmf-dist/tex/latex/microtype/microtype-pdftex.def
File: microtype-pdftex.def 2024/03/29 v3.1b Definitions specific to pdftex (RS)
LaTeX Info: Redefining \lsstyle on input line 902.
LaTeX Info: Redefining \lslig on input line 902.
\MT@outer@space=\skip59
)
Package microtype Info: Loading configuration file microtype.cfg.
 (/usr/local/texlive/2024/texmf-dist/tex/latex/microtype/microtype.cfg
File: microtype.cfg 2024/03/29 v3.1b microtype main configuration file (RS)
)) (/usr/local/texlive/2024/texmf-dist/tex/latex/amsmath/amsmath.sty
Package: amsmath 2024/05/23 v2.17q AMS math features
\@mathmargin=\skip60

For additional information on amsmath, use the `?' option.
(/usr/local/texlive/2024/texmf-dist/tex/latex/amsmath/amstext.sty
Package: amstext 2021/08/26 v2.01 AMS text
 (/usr/local/texlive/2024/texmf-dist/tex/latex/amsmath/amsgen.sty
File: amsgen.sty 1999/11/30 v2.0 generic functions
\@emptytoks=\toks48
\ex@=\dimen262
)) (/usr/local/texlive/2024/texmf-dist/tex/latex/amsmath/amsbsy.sty
Package: amsbsy 1999/11/29 v1.2d Bold Symbols
\pmbraise@=\dimen263
) (/usr/local/texlive/2024/texmf-dist/tex/latex/amsmath/amsopn.sty
Package: amsopn 2022/04/08 v2.04 operator names
)
\inf@bad=\count309
LaTeX Info: Redefining \frac on input line 233.
\uproot@=\count310
\leftroot@=\count311
LaTeX Info: Redefining \overline on input line 398.
LaTeX Info: Redefining \colon on input line 409.
\classnum@=\count312
\DOTSCASE@=\count313
LaTeX Info: Redefining \ldots on input line 495.
LaTeX Info: Redefining \dots on input line 498.
LaTeX Info: Redefining \cdots on input line 619.
\Mathstrutbox@=\box80
\strutbox@=\box81
LaTeX Info: Redefining \big on input line 721.
LaTeX Info: Redefining \Big on input line 722.
LaTeX Info: Redefining \bigg on input line 723.
LaTeX Info: Redefining \Bigg on input line 724.
\big@size=\dimen264
LaTeX Font Info:    Redeclaring font encoding OML on input line 742.
LaTeX Font Info:    Redeclaring font encoding OMS on input line 743.
\macc@depth=\count314
LaTeX Info: Redefining \bmod on input line 904.
LaTeX Info: Redefining \pmod on input line 909.
LaTeX Info: Redefining \smash on input line 939.
LaTeX Info: Redefining \relbar on input line 969.
LaTeX Info: Redefining \Relbar on input line 970.
\c@MaxMatrixCols=\count315
\dotsspace@=\muskip17
\c@parentequation=\count316
\dspbrk@lvl=\count317
\tag@help=\toks49
\row@=\count318
\column@=\count319
\maxfields@=\count320
\andhelp@=\toks50
\eqnshift@=\dimen265
\alignsep@=\dimen266
\tagshift@=\dimen267
\tagwidth@=\dimen268
\totwidth@=\dimen269
\lineht@=\dimen270
\@envbody=\toks51
\multlinegap=\skip61
\multlinetaggap=\skip62
\mathdisplay@stack=\toks52
LaTeX Info: Redefining \[ on input line 2953.
LaTeX Info: Redefining \] on input line 2954.
) (/usr/local/texlive/2024/texmf-dist/tex/latex/amsmath/amscd.sty
Package: amscd 2017/04/14 v2.1 AMS Commutative Diagrams
\athelp@=\toks53
\minaw@=\dimen271
\bigaw@=\dimen272
\minCDarrowwidth=\dimen273
) (/usr/local/texlive/2024/texmf-dist/tex/latex/amsfonts/amssymb.sty
Package: amssymb 2013/01/14 v3.01 AMS font symbols
 (/usr/local/texlive/2024/texmf-dist/tex/latex/amsfonts/amsfonts.sty
Package: amsfonts 2013/01/14 v3.01 Basic AMSFonts support
\symAMSa=\mathgroup4
\symAMSb=\mathgroup5
LaTeX Font Info:    Redeclaring math symbol \hbar on input line 98.
LaTeX Font Info:    Overwriting math alphabet `\mathfrak' in version `bold'
(Font)                  U/euf/m/n --> U/euf/b/n on input line 106.
)) (/usr/local/texlive/2024/texmf-dist/tex/generic/ulem/ulem.sty
\UL@box=\box82
\UL@hyphenbox=\box83
\UL@skip=\skip63
\UL@hook=\toks54
\UL@height=\dimen274
\UL@pe=\count321
\UL@pixel=\dimen275
\ULC@box=\box84
Package: ulem 2019/11/18
\ULdepth=\dimen276
)
\fillinmaxwidth=\skip64
\fillincontract=\skip65
\charmaxwidth=\skip66
\charminwidth=\skip67
\fillinheight=\skip68
 (/usr/local/texlive/2024/texmf-dist/tex/latex/siunitx/siunitx.sty
Package: siunitx 2024-09-30 v3.3.22 A comprehensive (SI) units package
\l__siunitx_number_uncert_offset_int=\count322
\l__siunitx_number_exponent_fixed_int=\count323
\l__siunitx_number_min_decimal_int=\count324
\l__siunitx_number_min_integer_int=\count325
\l__siunitx_number_round_precision_int=\count326
\l__siunitx_number_lower_threshold_int=\count327
\l__siunitx_number_upper_threshold_int=\count328
\l__siunitx_number_group_first_int=\count329
\l__siunitx_number_group_size_int=\count330
\l__siunitx_number_group_minimum_int=\count331
\l__siunitx_angle_tmp_dim=\dimen277
\l__siunitx_angle_marker_box=\box85
\l__siunitx_angle_unit_box=\box86
\l__siunitx_compound_count_int=\count332
 (/usr/local/texlive/2024/texmf-dist/tex/latex/translations/translations.sty
Package: translations 2022/02/05 v1.12 internationalization of LaTeX2e packages (CN)
 (/usr/local/texlive/2024/texmf-dist/tex/generic/pdftexcmds/pdftexcmds.sty
Package: pdftexcmds 2020-06-27 v0.33 Utility functions of pdfTeX for LuaTeX (HO)
Package pdftexcmds Info: \pdf@primitive is available.
Package pdftexcmds Info: \pdf@ifprimitive is available.
Package pdftexcmds Info: \pdfdraftmode found.
))
\l__siunitx_table_tmp_box=\box87
\l__siunitx_table_tmp_dim=\dimen278
\l__siunitx_table_column_width_dim=\dimen279
\l__siunitx_table_integer_box=\box88
\l__siunitx_table_decimal_box=\box89
\l__siunitx_table_uncert_box=\box90
\l__siunitx_table_before_box=\box91
\l__siunitx_table_after_box=\box92
\l__siunitx_table_before_dim=\dimen280
\l__siunitx_table_carry_dim=\dimen281
\l__siunitx_unit_tmp_int=\count333
\l__siunitx_unit_position_int=\count334
\l__siunitx_unit_total_int=\count335
)
PTX: discovered siunitx v3, >= 2021-05-17
\workspacestrutwidth=\skip69
\Oldarrayrulewidth=\skip70
(/usr/local/texlive/2024/texmf-dist/tex/latex/fontawesome5/fontawesome5.sty
Package: fontawesome5 2022/05/02 v5.15.4 Font Awesome 5
 (/usr/local/texlive/2024/texmf-dist/tex/latex/l3packages/l3keys2e/l3keys2e.sty
Package: l3keys2e 2024-08-16 LaTeX2e option processing using LaTeX3 keys
) (/usr/local/texlive/2024/texmf-dist/tex/latex/fontawesome5/fontawesome5-generic-helper.sty
Package: fontawesome5-generic-helper 2022/05/02 v5.15.4 non-uTeX helper for fontawesome5
 (/usr/local/texlive/2024/texmf-dist/tex/latex/fontawesome5/fontawesome5-mapping.def))) (/usr/local/texlive/2024/texmf-dist/tex/latex/tcolorbox/tcblistingsutf8.code.tex
Library (tcolorbox): 'tcblistingsutf8.code.tex' version '6.4.0'
(/usr/local/texlive/2024/texmf-dist/tex/latex/tcolorbox/tcblistings.code.tex
Library (tcolorbox): 'tcblistings.code.tex' version '6.4.0'
(/usr/local/texlive/2024/texmf-dist/tex/latex/listings/listings.sty
\lst@mode=\count336
\lst@gtempboxa=\box93
\lst@token=\toks55
\lst@length=\count337
\lst@currlwidth=\dimen282
\lst@column=\count338
\lst@pos=\count339
\lst@lostspace=\dimen283
\lst@width=\dimen284
\lst@newlines=\count340
\lst@lineno=\count341
\lst@maxwidth=\dimen285
 (/usr/local/texlive/2024/texmf-dist/tex/latex/listings/lstpatch.sty
File: lstpatch.sty 2024/09/23 1.10c (Carsten Heinz)
) (/usr/local/texlive/2024/texmf-dist/tex/latex/listings/lstmisc.sty
File: lstmisc.sty 2024/09/23 1.10c (Carsten Heinz)
\c@lstnumber=\count342
\lst@skipnumbers=\count343
\lst@framebox=\box94
) (/usr/local/texlive/2024/texmf-dist/tex/latex/listings/listings.cfg
File: listings.cfg 2024/09/23 1.10c listings configuration
))
Package: listings 2024/09/23 1.10c (Carsten Heinz)
 (/usr/local/texlive/2024/texmf-dist/tex/latex/tcolorbox/tcblistingscore.code.tex
Library (tcolorbox): 'tcblistingscore.code.tex' version '6.4.0'
(/usr/local/texlive/2024/texmf-dist/tex/latex/tcolorbox/tcbprocessing.code.tex
Library (tcolorbox): 'tcbprocessing.code.tex' version '6.4.0'
)
\c@tcblisting=\count344
)) (/usr/local/texlive/2024/texmf-dist/tex/latex/listingsutf8/listingsutf8.sty
Package: listingsutf8 2019-12-10 v1.5 Allow UTF-8 in listings input (HO)
 (/usr/local/texlive/2024/texmf-dist/tex/generic/stringenc/stringenc.sty
Package: stringenc 2019/11/29 v1.12 Convert strings between diff. encodings (HO)
 (/usr/local/texlive/2024/texmf-dist/tex/generic/pdfescape/pdfescape.sty
Package: pdfescape 2019/12/09 v1.15 Implements pdfTeX's escape features (HO)
)))) (/usr/local/texlive/2024/texmf-dist/tex/latex/fancyvrb/fancyvrb.sty
Package: fancyvrb 2024/01/20 4.5c verbatim text (tvz,hv)
\FV@CodeLineNo=\count345
\FV@InFile=\read4
\FV@TabBox=\box95
\c@FancyVerbLine=\count346
\FV@StepNumber=\count347
\FV@OutFile=\write4
) (/usr/local/texlive/2024/texmf-dist/tex/latex/tools/multicol.sty
Package: multicol 2024/05/23 v1.9h multicolumn formatting (FMi)
\c@tracingmulticols=\count348
\mult@box=\box96
\multicol@leftmargin=\dimen286
\c@unbalance=\count349
\c@collectmore=\count350
\doublecol@number=\count351
\multicoltolerance=\count352
\multicolpretolerance=\count353
\full@width=\dimen287
\page@free=\dimen288
\premulticols=\dimen289
\postmulticols=\dimen290
\multicolsep=\skip71
\multicolbaselineskip=\skip72
\partial@page=\box97
\last@line=\box98
\mc@boxedresult=\box99
\maxbalancingoverflow=\dimen291
\mult@rightbox=\box100
\mult@grightbox=\box101
\mult@firstbox=\box102
\mult@gfirstbox=\box103
\@tempa=\box104
\@tempa=\box105
\@tempa=\box106
\@tempa=\box107
\@tempa=\box108
\@tempa=\box109
\@tempa=\box110
\@tempa=\box111
\@tempa=\box112
\@tempa=\box113
\@tempa=\box114
\@tempa=\box115
\@tempa=\box116
\@tempa=\box117
\@tempa=\box118
\@tempa=\box119
\@tempa=\box120
\@tempa=\box121
\@tempa=\box122
\@tempa=\box123
\@tempa=\box124
\@tempa=\box125
\@tempa=\box126
\@tempa=\box127
\@tempa=\box128
\@tempa=\box129
\@tempa=\box130
\@tempa=\box131
\@tempa=\box132
\@tempa=\box133
\@tempa=\box134
\@tempa=\box135
\@tempa=\box136
\@tempa=\box137
\@tempa=\box138
\@tempa=\box139
\c@minrows=\count354
\c@columnbadness=\count355
\c@finalcolumnbadness=\count356
\last@try=\dimen292
\multicolovershoot=\dimen293
\multicolundershoot=\dimen294
\mult@nat@firstbox=\box140
\colbreak@box=\box141
\mc@col@check@num=\count357
) (/usr/local/texlive/2024/texmf-dist/tex/latex/graphics/rotating.sty
Package: rotating 2016/08/11 v2.16d rotated objects in LaTeX
\c@r@tfl@t=\count358
\rotFPtop=\skip73
\rotFPbot=\skip74
\rot@float@box=\box142
\rot@mess@toks=\toks56
) (/usr/local/texlive/2024/texmf-dist/tex/latex/enumitem/enumitem.sty
Package: enumitem 2019/06/20 v3.9 Customized lists
\labelindent=\skip75
\enit@outerparindent=\dimen295
\enit@toks=\toks57
\enit@inbox=\box143
\enit@count@id=\count359
\enitdp@description=\count360
)
\enitdp@referencelist=\count361
\dlititlewidth=\skip76
\dlimaxnarrowtitle=\skip77
\dlimaxmediumtitle=\skip78
\egindent=\skip79
\exggap=\skip80
 (/usr/local/texlive/2024/texmf-dist/tex/latex/imakeidx/imakeidx.sty
Package: imakeidx 2016/10/15 v1.3e Package for typesetting indices in a synchronous mode
)
\sample-article@idxfile=\write5
\openout5 = `sample-article.idx'.


Writing index file sample-article.idx
(/usr/local/texlive/2024/texmf-dist/tex/latex/tools/longtable.sty
Package: longtable 2024-04-26 v4.20 Multi-page Table package (DPC)
\LTleft=\skip81
\LTright=\skip82
\LTpre=\skip83
\LTpost=\skip84
\LTchunksize=\count362
\LTcapwidth=\dimen296
\LT@head=\box144
\LT@firsthead=\box145
\LT@foot=\box146
\LT@lastfoot=\box147
\LT@gbox=\box148
\LT@cols=\count363
\LT@rows=\count364
\c@LT@tables=\count365
\c@LT@chunks=\count366
\LT@p@ftn=\toks58
) (/usr/local/texlive/2024/texmf-dist/tex/latex/hyperref/hyperref.sty
Package: hyperref 2024-07-10 v7.01j Hypertext links for LaTeX
 (/usr/local/texlive/2024/texmf-dist/tex/latex/kvsetkeys/kvsetkeys.sty
Package: kvsetkeys 2022-10-05 v1.19 Key value parser (HO)
) (/usr/local/texlive/2024/texmf-dist/tex/generic/kvdefinekeys/kvdefinekeys.sty
Package: kvdefinekeys 2019-12-19 v1.6 Define keys (HO)
) (/usr/local/texlive/2024/texmf-dist/tex/latex/hycolor/hycolor.sty
Package: hycolor 2020-01-27 v1.10 Color options for hyperref/bookmark (HO)
) (/usr/local/texlive/2024/texmf-dist/tex/latex/hyperref/nameref.sty
Package: nameref 2023-11-26 v2.56 Cross-referencing by name of section
 (/usr/local/texlive/2024/texmf-dist/tex/latex/refcount/refcount.sty
Package: refcount 2019/12/15 v3.6 Data extraction from label references (HO)
) (/usr/local/texlive/2024/texmf-dist/tex/generic/gettitlestring/gettitlestring.sty
Package: gettitlestring 2019/12/15 v1.6 Cleanup title references (HO)
 (/usr/local/texlive/2024/texmf-dist/tex/latex/kvoptions/kvoptions.sty
Package: kvoptions 2022-06-15 v3.15 Key value format for package options (HO)
))
\c@section@level=\count367
)
\@linkdim=\dimen297
\Hy@linkcounter=\count368
\Hy@pagecounter=\count369
 (/usr/local/texlive/2024/texmf-dist/tex/latex/hyperref/pd1enc.def
File: pd1enc.def 2024-07-10 v7.01j Hyperref: PDFDocEncoding definition (HO)
Now handling font encoding PD1 ...
... no UTF-8 mapping file for font encoding PD1
) (/usr/local/texlive/2024/texmf-dist/tex/generic/intcalc/intcalc.sty
Package: intcalc 2019/12/15 v1.3 Expandable calculations with integers (HO)
)
\Hy@SavedSpaceFactor=\count370
 (/usr/local/texlive/2024/texmf-dist/tex/latex/hyperref/puenc.def
File: puenc.def 2024-07-10 v7.01j Hyperref: PDF Unicode definition (HO)
Now handling font encoding PU ...
... no UTF-8 mapping file for font encoding PU
)
Package hyperref Info: Option `hyperfootnotes' set `false' on input line 4040.
Package hyperref Info: Hyper figures OFF on input line 4157.
Package hyperref Info: Link nesting OFF on input line 4162.
Package hyperref Info: Hyper index ON on input line 4165.
Package hyperref Info: Plain pages OFF on input line 4172.
Package hyperref Info: Backreferencing OFF on input line 4177.
Package hyperref Info: Implicit mode ON; LaTeX internals redefined.
Package hyperref Info: Bookmarks ON on input line 4424.
\c@Hy@tempcnt=\count371
 (/usr/local/texlive/2024/texmf-dist/tex/latex/url/url.sty
\Urlmuskip=\muskip18
Package: url 2013/09/16  ver 3.4  Verb mode for urls, etc.
)
LaTeX Info: Redefining \url on input line 4763.
\XeTeXLinkMargin=\dimen298
 (/usr/local/texlive/2024/texmf-dist/tex/generic/bitset/bitset.sty
Package: bitset 2019/12/09 v1.3 Handle bit-vector datatype (HO)
 (/usr/local/texlive/2024/texmf-dist/tex/generic/bigintcalc/bigintcalc.sty
Package: bigintcalc 2019/12/15 v1.5 Expandable calculations on big integers (HO)
))
\Fld@menulength=\count372
\Field@Width=\dimen299
\Fld@charsize=\dimen300
Package hyperref Info: Hyper figures OFF on input line 6042.
Package hyperref Info: Link nesting OFF on input line 6047.
Package hyperref Info: Hyper index ON on input line 6050.
Package hyperref Info: backreferencing OFF on input line 6057.
Package hyperref Info: Link coloring OFF on input line 6062.
Package hyperref Info: Link coloring with OCG OFF on input line 6067.
Package hyperref Info: PDF/A mode OFF on input line 6072.
 (/usr/local/texlive/2024/texmf-dist/tex/latex/base/atbegshi-ltx.sty
Package: atbegshi-ltx 2021/01/10 v1.0c Emulation of the original atbegshi
package with kernel methods
)
\Hy@abspage=\count373
\c@Item=\count374
)
Package hyperref Info: Driver (autodetected): hpdftex.
 (/usr/local/texlive/2024/texmf-dist/tex/latex/hyperref/hpdftex.def
File: hpdftex.def 2024-07-10 v7.01j Hyperref driver for pdfTeX
 (/usr/local/texlive/2024/texmf-dist/tex/latex/base/atveryend-ltx.sty
Package: atveryend-ltx 2020/08/19 v1.0a Emulation of the original atveryend package
with kernel methods
)
\Fld@listcount=\count375
\c@bookmark@seq@number=\count376
 (/usr/local/texlive/2024/texmf-dist/tex/latex/rerunfilecheck/rerunfilecheck.sty
Package: rerunfilecheck 2022-07-10 v1.10 Rerun checks for auxiliary files (HO)
 (/usr/local/texlive/2024/texmf-dist/tex/generic/uniquecounter/uniquecounter.sty
Package: uniquecounter 2019/12/15 v1.4 Provide unlimited unique counter (HO)
)
Package uniquecounter Info: New unique counter `rerunfilecheck' on input line 285.
)
\Hy@SectionHShift=\skip85
)
Package hyperref Info: Option `colorlinks' set `true' on input line 651.
Package hyperref Info: Option `hypertexnames' set `false' on input line 654.
\c@tcb@cnt@block=\count377
\c@tcb@cnt@project-distinct=\count378
\c@tcb@cnt@subdisplay=\count379
 (/usr/local/texlive/2024/texmf-dist/tex/latex/pgfplots/pgfplots.sty (/usr/local/texlive/2024/texmf-dist/tex/generic/pgfplots/pgfplots.revision.tex)
Package: pgfplots 2021/05/15 v1.18.1 Data Visualization (1.18.1)
 (/usr/local/texlive/2024/texmf-dist/tex/generic/pgfplots/pgfplots.code.tex (/usr/local/texlive/2024/texmf-dist/tex/generic/pgfplots/pgfplotscore.code.tex
\t@pgfplots@toka=\toks59
\t@pgfplots@tokb=\toks60
\t@pgfplots@tokc=\toks61
\pgfplots@tmpa=\dimen301
\c@pgfplots@coordindex=\count380
\c@pgfplots@scanlineindex=\count381
 (/usr/local/texlive/2024/texmf-dist/tex/generic/pgfplots/sys/pgfplotssysgeneric.code.tex)) (/usr/local/texlive/2024/texmf-dist/tex/generic/pgfplots/libs/pgfplotslibrary.code.tex) (/usr/local/texlive/2024/texmf-dist/tex/generic/pgfplots/oldpgfcompatib/pgfplotsoldpgfsupp_loader.code.tex (/usr/local/texlive/2024/texmf-dist/tex/generic/pgf/libraries/pgflibraryfpu.code.tex)
Package pgfplots: loading complementary utilities for your pgf version...
\t@pgf@toka=\toks62
\t@pgf@tokb=\toks63
\t@pgf@tokc=\toks64
(/usr/local/texlive/2024/texmf-dist/tex/generic/pgfplots/oldpgfcompatib/pgfplotsoldpgfsupp_pgfutil-common-lists.tex)) (/usr/local/texlive/2024/texmf-dist/tex/generic/pgfplots/util/pgfplotsutil.code.tex (/usr/local/texlive/2024/texmf-dist/tex/generic/pgfplots/liststructure/pgfplotsliststructure.code.tex) (/usr/local/texlive/2024/texmf-dist/tex/generic/pgfplots/liststructure/pgfplotsliststructureext.code.tex) (/usr/local/texlive/2024/texmf-dist/tex/generic/pgfplots/liststructure/pgfplotsarray.code.tex
\c@pgfplotsarray@tmp=\count382
) (/usr/local/texlive/2024/texmf-dist/tex/generic/pgfplots/liststructure/pgfplotsmatrix.code.tex) (/usr/local/texlive/2024/texmf-dist/tex/generic/pgfplots/numtable/pgfplotstableshared.code.tex
\c@pgfplotstable@counta=\count383
\t@pgfplotstable@a=\toks65
) (/usr/local/texlive/2024/texmf-dist/tex/generic/pgfplots/liststructure/pgfplotsdeque.code.tex) (/usr/local/texlive/2024/texmf-dist/tex/generic/pgfplots/util/pgfplotsbinary.code.tex (/usr/local/texlive/2024/texmf-dist/tex/generic/pgfplots/util/pgfplotsbinary.data.code.tex)) (/usr/local/texlive/2024/texmf-dist/tex/generic/pgfplots/util/pgfplotsutil.verb.code.tex) (/usr/local/texlive/2024/texmf-dist/tex/generic/pgfplots/libs/pgflibrarypgfplots.surfshading.code.tex
\c@pgfplotslibrarysurf@no=\count384
 (/usr/local/texlive/2024/texmf-dist/tex/generic/pgfplots/sys/pgflibrarypgfplots.surfshading.pgfsys-pdftex.def))) (/usr/local/texlive/2024/texmf-dist/tex/generic/pgfplots/util/pgfplotscolormap.code.tex (/usr/local/texlive/2024/texmf-dist/tex/generic/pgfplots/util/pgfplotscolor.code.tex)) (/usr/local/texlive/2024/texmf-dist/tex/generic/pgfplots/pgfplotsstackedplots.code.tex) (/usr/local/texlive/2024/texmf-dist/tex/generic/pgfplots/pgfplotsplothandlers.code.tex (/usr/local/texlive/2024/texmf-dist/tex/generic/pgfplots/pgfplotsmeshplothandler.code.tex (/usr/local/texlive/2024/texmf-dist/tex/generic/pgfplots/pgfplotsmeshplotimage.code.tex))) (/usr/local/texlive/2024/texmf-dist/tex/generic/pgfplots/pgfplots.scaling.code.tex) (/usr/local/texlive/2024/texmf-dist/tex/generic/pgfplots/pgfplotscoordprocessing.code.tex) (/usr/local/texlive/2024/texmf-dist/tex/generic/pgfplots/pgfplots.errorbars.code.tex) (/usr/local/texlive/2024/texmf-dist/tex/generic/pgfplots/pgfplots.markers.code.tex) (/usr/local/texlive/2024/texmf-dist/tex/generic/pgfplots/pgfplotsticks.code.tex) (/usr/local/texlive/2024/texmf-dist/tex/generic/pgfplots/pgfplots.paths.code.tex) (/usr/local/texlive/2024/texmf-dist/tex/generic/pgf/frontendlayer/tikz/libraries/tikzlibrarydecorations.code.tex (/usr/local/texlive/2024/texmf-dist/tex/generic/pgf/modules/pgfmoduledecorations.code.tex
\pgfdecoratedcompleteddistance=\dimen302
\pgfdecoratedremainingdistance=\dimen303
\pgfdecoratedinputsegmentcompleteddistance=\dimen304
\pgfdecoratedinputsegmentremainingdistance=\dimen305
\pgf@decorate@distancetomove=\dimen306
\pgf@decorate@repeatstate=\count385
\pgfdecorationsegmentamplitude=\dimen307
\pgfdecorationsegmentlength=\dimen308
)
\tikz@lib@dec@box=\box149
) (/usr/local/texlive/2024/texmf-dist/tex/generic/pgf/frontendlayer/tikz/libraries/tikzlibrarydecorations.pathmorphing.code.tex (/usr/local/texlive/2024/texmf-dist/tex/generic/pgf/libraries/decorations/pgflibrarydecorations.pathmorphing.code.tex)) (/usr/local/texlive/2024/texmf-dist/tex/generic/pgf/frontendlayer/tikz/libraries/tikzlibrarydecorations.pathreplacing.code.tex (/usr/local/texlive/2024/texmf-dist/tex/generic/pgf/libraries/decorations/pgflibrarydecorations.pathreplacing.code.tex)) (/usr/local/texlive/2024/texmf-dist/tex/generic/pgfplots/libs/tikzlibrarypgfplots.contourlua.code.tex)
\pgfplots@numplots=\count386
\pgfplots@xmin@reg=\dimen309
\pgfplots@xmax@reg=\dimen310
\pgfplots@ymin@reg=\dimen311
\pgfplots@ymax@reg=\dimen312
\pgfplots@zmin@reg=\dimen313
\pgfplots@zmax@reg=\dimen314
) (/usr/local/texlive/2024/texmf-dist/tex/generic/pgf/frontendlayer/tikz/libraries/tikzlibraryplotmarks.code.tex
File: tikzlibraryplotmarks.code.tex 2023-01-15 v3.1.10 (3.1.10)
 (/usr/local/texlive/2024/texmf-dist/tex/generic/pgf/libraries/pgflibraryplotmarks.code.tex
File: pgflibraryplotmarks.code.tex 2023-01-15 v3.1.10 (3.1.10)
))) (/usr/local/texlive/2024/texmf-dist/tex/latex/smartdiagram/smartdiagram.sty
Package: smartdiagram 2016/12/23 v0.3b Automatic creation of smart diagrams from lists of items.
 (/usr/local/texlive/2024/texmf-dist/tex/generic/pgf/frontendlayer/tikz/libraries/tikzlibrarybackgrounds.code.tex
File: tikzlibrarybackgrounds.code.tex 2023-01-15 v3.1.10 (3.1.10)
\pgf@layerbox@background=\box150
\pgf@layerboxsaved@background=\box151
) (/usr/local/texlive/2024/texmf-dist/tex/generic/pgf/frontendlayer/tikz/libraries/tikzlibraryfadings.code.tex
File: tikzlibraryfadings.code.tex 2023-01-15 v3.1.10 (3.1.10)
 (/usr/local/texlive/2024/texmf-dist/tex/generic/pgf/libraries/pgflibraryfadings.code.tex
File: pgflibraryfadings.code.tex 2023-01-15 v3.1.10 (3.1.10)
)) (/usr/local/texlive/2024/texmf-dist/tex/generic/pgf/frontendlayer/tikz/libraries/tikzlibraryshadows.code.tex
File: tikzlibraryshadows.code.tex 2023-01-15 v3.1.10 (3.1.10)
) (/usr/local/texlive/2024/texmf-dist/tex/generic/pgf/frontendlayer/tikz/libraries/tikzlibraryshapes.arrows.code.tex
File: tikzlibraryshapes.arrows.code.tex 2023-01-15 v3.1.10 (3.1.10)
 (/usr/local/texlive/2024/texmf-dist/tex/generic/pgf/libraries/shapes/pgflibraryshapes.arrows.code.tex
File: pgflibraryshapes.arrows.code.tex 2023-01-15 v3.1.10 (3.1.10)
)) (/usr/local/texlive/2024/texmf-dist/tex/generic/pgf/frontendlayer/tikz/libraries/tikzlibraryshapes.symbols.code.tex
File: tikzlibraryshapes.symbols.code.tex 2023-01-15 v3.1.10 (3.1.10)
 (/usr/local/texlive/2024/texmf-dist/tex/generic/pgf/libraries/shapes/pgflibraryshapes.symbols.code.tex
File: pgflibraryshapes.symbols.code.tex 2023-01-15 v3.1.10 (3.1.10)
))
\pgf@layerbox@smart diagram arrow back=\box152
\pgf@layerboxsaved@smart diagram arrow back=\box153
 (/usr/local/texlive/2024/texmf-dist/tex/latex/smartdiagram/smartdiagramlibrarycore.definitions.code.tex) (/usr/local/texlive/2024/texmf-dist/tex/latex/smartdiagram/smartdiagramlibrarycore.styles.code.tex) (/usr/local/texlive/2024/texmf-dist/tex/latex/smartdiagram/smartdiagramlibrarycore.commands.code.tex)) (/usr/local/texlive/2024/texmf-dist/tex/generic/pgf/frontendlayer/tikz/libraries/tikzlibraryarrows.code.tex
File: tikzlibraryarrows.code.tex 2023-01-15 v3.1.10 (3.1.10)
 (/usr/local/texlive/2024/texmf-dist/tex/generic/pgf/libraries/pgflibraryarrows.code.tex
File: pgflibraryarrows.code.tex 2023-01-15 v3.1.10 (3.1.10)
\arrowsize=\dimen315
)) (/usr/local/texlive/2024/texmf-dist/tex/generic/pgf/frontendlayer/tikz/libraries/tikzlibrarymatrix.code.tex
File: tikzlibrarymatrix.code.tex 2023-01-15 v3.1.10 (3.1.10)
) (/usr/local/texlive/2024/texmf-dist/tex/generic/pgf/frontendlayer/tikz/libraries/tikzlibrarypositioning.code.tex
File: tikzlibrarypositioning.code.tex 2023-01-15 v3.1.10 (3.1.10)
) (/usr/local/texlive/2024/texmf-dist/tex/latex/circuitikz/circuitikz.sty
Package: circuitikz 2024/08/03{} The CircuiTikz circuit drawing package version 1.7.0
 (/usr/local/texlive/2024/texmf-dist/tex/generic/pgf/libraries/pgflibraryarrows.meta.code.tex
File: pgflibraryarrows.meta.code.tex 2023-01-15 v3.1.10 (3.1.10)
\pgfarrowinset=\dimen316
\pgfarrowlength=\dimen317
\pgfarrowwidth=\dimen318
\pgfarrowlinewidth=\dimen319
) (/usr/local/texlive/2024/texmf-dist/tex/generic/pgf/frontendlayer/tikz/libraries/tikzlibrarybending.code.tex
File: tikzlibrarybending.code.tex 2023-01-15 v3.1.10 (3.1.10)
 (/usr/local/texlive/2024/texmf-dist/tex/generic/pgf/modules/pgfmodulebending.code.tex
File: pgfmodulebending.code.tex 2023-01-15 v3.1.10 (3.1.10)
 (/usr/local/texlive/2024/texmf-dist/tex/generic/pgf/modules/pgfmodulenonlineartransformations.code.tex
File: pgfmodulenonlineartransformations.code.tex 2023-01-15 v3.1.10 (3.1.10)
\pgftransformnonlinearflatness=\dimen320
) (/usr/local/texlive/2024/texmf-dist/tex/generic/pgf/libraries/pgflibrarycurvilinear.code.tex
File: pgflibrarycurvilinear.code.tex 2023-01-15 v3.1.10 (3.1.10)
\pgf@curvilinear@time@a=\dimen321
\pgf@curvilinear@length@a=\dimen322
\pgf@curvilinear@length@b=\dimen323
\pgf@curvilinear@length@c=\dimen324
\pgf@curvilinear@length@d=\dimen325
)
\pgf@arrows@the@rigidity=\dimen326
)) (/usr/local/texlive/2024/texmf-dist/tex/generic/pgf/frontendlayer/tikz/libraries/tikzlibraryfpu.code.tex) (/usr/local/texlive/2024/texmf-dist/tex/generic/circuitikz/pgfcirc.defines.tex
\pgf@circ@count@a=\count387
\pgf@circ@count@b=\count388
\pgf@circ@count@c=\count389
\pgf@circ@res@up=\dimen327
\pgf@circ@res@down=\dimen328
\pgf@circ@res@zero=\dimen329
\pgf@circ@res@left=\dimen330
\pgf@circ@res@right=\dimen331
\pgf@circ@res@other=\dimen332
\pgf@circ@res@step=\dimen333
\pgf@circ@res@temp=\dimen334
\pgf@circ@Rlen=\dimen335
\pgf@circ@scaled@Rlen=\dimen336
\pgfstartlinewidth=\dimen337
) (/usr/local/texlive/2024/texmf-dist/tex/generic/circuitikz/pgfcircutils.tex
\ctikz@scratchbox=\box154
) (/usr/local/texlive/2024/texmf-dist/tex/generic/circuitikz/pgfcircpath.tex) (/usr/local/texlive/2024/texmf-dist/tex/generic/circuitikz/pgfcircshapes.tex) (/usr/local/texlive/2024/texmf-dist/tex/generic/circuitikz/pgfcircmonopoles.tex) (/usr/local/texlive/2024/texmf-dist/tex/generic/circuitikz/pgfcircbipoles.tex) (/usr/local/texlive/2024/texmf-dist/tex/generic/circuitikz/pgfcirctripoles.tex
\pgf@circ@res@count=\count390
) (/usr/local/texlive/2024/texmf-dist/tex/generic/circuitikz/pgfcircquadpoles.tex) (/usr/local/texlive/2024/texmf-dist/tex/generic/circuitikz/pgfcircmultipoles.tex) (/usr/local/texlive/2024/texmf-dist/tex/generic/circuitikz/pgfcirclabel.tex) (/usr/local/texlive/2024/texmf-dist/tex/generic/circuitikz/pgfcircvoltage.tex
\pgfcirc@labelshift=\dimen338
) (/usr/local/texlive/2024/texmf-dist/tex/generic/circuitikz/pgfcirccurrent.tex) (/usr/local/texlive/2024/texmf-dist/tex/generic/circuitikz/pgfcircflow.tex)) (/usr/local/texlive/2024/texmf-dist/tex/latex/nicematrix/nicematrix.sty
Package: nicematrix 2024/08/22 v6.28c Enhanced arrays with the help of PGF/TikZ
\g__nicematrix_env_int=\count391
\g__nicematrix_NiceMatrixBlock_int=\count392
\g__nicematrix_notes_caption_int=\count393
\l__nicematrix_columns_width_dim=\dimen339
\l__nicematrix_col_width_dim=\dimen340
\g__nicematrix_row_total_int=\count394
\g__nicematrix_col_total_int=\count395
\g__nicematrix_last_row_node_int=\count396
\l__nicematrix_key_nb_rows_int=\count397
\g__nicematrix_blocks_wd_dim=\dimen341
\g__nicematrix_blocks_ht_dim=\dimen342
\g__nicematrix_blocks_dp_dim=\dimen343
\l__nicematrix_width_dim=\dimen344
\l__nicematrix_tabular_width_dim=\dimen345
\l__nicematrix_rule_width_dim=\dimen346
\l__nicematrix_old_iRow_int=\count398
\l__nicematrix_old_jCol_int=\count399
\g__nicematrix_total_X_weight_int=\count400
\l__nicematrix_X_columns_dim=\dimen347
\l__nicematrix_x_initial_dim=\dimen348
\l__nicematrix_y_initial_dim=\dimen349
\l__nicematrix_x_final_dim=\dimen350
\l__nicematrix_y_final_dim=\dimen351
\l__nicematrix_tmpc_dim=\dimen352
\l__nicematrix_tmpd_dim=\dimen353
\g__nicematrix_dp_row_zero_dim=\dimen354
\g__nicematrix_ht_row_zero_dim=\dimen355
\g__nicematrix_ht_row_one_dim=\dimen356
\g__nicematrix_dp_ante_last_row_dim=\dimen357
\g__nicematrix_ht_last_row_dim=\dimen358
\g__nicematrix_dp_last_row_dim=\dimen359
\g__nicematrix_width_last_col_dim=\dimen360
\g__nicematrix_width_first_col_dim=\dimen361
\l__nicematrix_row_min_int=\count401
\l__nicematrix_row_max_int=\count402
\l__nicematrix_col_min_int=\count403
\l__nicematrix_col_max_int=\count404
\l__nicematrix_start_int=\count405
\l__nicematrix_end_int=\count406
\l__nicematrix_local_start_int=\count407
\l__nicematrix_local_end_int=\count408
\g__nicematrix_static_num_of_col_int=\count409
\l__nicematrix_rounded_corners_dim=\dimen362
\l__nicematrix_tab_rounded_corners_dim=\dimen363
\l__nicematrix_offset_dim=\dimen364
\l__nicematrix_line_width_dim=\dimen365
\g__nicematrix_block_box_int=\count410
\l__nicematrix_submatrix_extra_height_dim=\dimen366
\l__nicematrix_submatrix_left_xshift_dim=\dimen367
\l__nicematrix_submatrix_right_xshift_dim=\dimen368
\l__nicematrix_first_row_int=\count411
\l__nicematrix_first_col_int=\count412
\l__nicematrix_last_row_int=\count413
\l__nicematrix_last_col_int=\count414
\c@tabularnote=\count415
\g__nicematrix_tabularnote_int=\count416
\c@nicematrix_draft=\count417
\l__nicematrix_cell_space_top_limit_dim=\dimen369
\l__nicematrix_cell_space_bottom_limit_dim=\dimen370
\l__nicematrix_xdots_inter_dim=\dimen371
\l__nicematrix_xdots_shorten_start_dim=\dimen372
\l__nicematrix_xdots_shorten_end_dim=\dimen373
\l__nicematrix_xdots_radius_dim=\dimen374
\l__nicematrix_notes_above_space_dim=\dimen375
\l__nicematrix_left_margin_dim=\dimen376
\l__nicematrix_right_margin_dim=\dimen377
\l__nicematrix_extra_left_margin_dim=\dimen378
\l__nicematrix_extra_right_margin_dim=\dimen379
\c__nicematrix_max_l_dim=\dimen380
\l__nicematrix_position_int=\count418
\l__nicematrix_multiplicity_int=\count419
\l__nicematrix_brace_yshift_dim=\dimen381
) (/usr/local/texlive/2024/texmf-dist/tex/latex/menukeys/menukeys.sty
Package: menukeys 2022/07/01 v1.6.2 -- A package to format menus, paths and shortcuts
 (/usr/local/texlive/2024/texmf-dist/tex/latex/adjustbox/adjustbox.sty
Package: adjustbox 2022/10/17 v1.3a Adjusting TeX boxes (trim, clip, ...)
 (/usr/local/texlive/2024/texmf-dist/tex/latex/adjustbox/adjcalc.sty
Package: adjcalc 2012/05/16 v1.1 Provides advanced setlength with multiple back-ends (calc, etex, pgfmath)
) (/usr/local/texlive/2024/texmf-dist/tex/latex/adjustbox/trimclip.sty
Package: trimclip 2020/08/19 v1.2 Trim and clip general TeX material
 (/usr/local/texlive/2024/texmf-dist/tex/latex/collectbox/collectbox.sty
Package: collectbox 2022/10/17 v0.4c Collect macro arguments as boxes
\collectedbox=\box155
)
\tc@llx=\dimen382
\tc@lly=\dimen383
\tc@urx=\dimen384
\tc@ury=\dimen385
Package trimclip Info: Using driver 'tc-pdftex.def'.
 (/usr/local/texlive/2024/texmf-dist/tex/latex/adjustbox/tc-pdftex.def
File: tc-pdftex.def 2019/01/04 v2.2 Clipping driver for pdftex
))
\adjbox@Width=\dimen386
\adjbox@Height=\dimen387
\adjbox@Depth=\dimen388
\adjbox@Totalheight=\dimen389
\adjbox@pwidth=\dimen390
\adjbox@pheight=\dimen391
\adjbox@pdepth=\dimen392
\adjbox@ptotalheight=\dimen393
 (/usr/local/texlive/2024/texmf-dist/tex/latex/ifoddpage/ifoddpage.sty
Package: ifoddpage 2022/10/18 v1.2 Conditionals for odd/even page detection
\c@checkoddpage=\count420
) (/usr/local/texlive/2024/texmf-dist/tex/latex/varwidth/varwidth.sty
Package: varwidth 2009/03/30 ver 0.92;  Variable-width minipages
\@vwid@box=\box156
\sift@deathcycles=\count421
\@vwid@loff=\dimen394
\@vwid@roff=\dimen395
)) (/usr/local/texlive/2024/texmf-dist/tex/latex/relsize/relsize.sty
Package: relsize 2013/03/29 ver 4.1
)
\l__twmk_indris_int=\count422
\c@tw@hyphen@char@num=\count423
) (/usr/local/texlive/2024/texmf-dist/tex/latex/cancel/cancel.sty
Package: cancel 2013/04/12 v2.2 Cancel math terms
) (/usr/local/texlive/2024/texmf-dist/tex/latex/xfrac/xfrac.sty
Package: xfrac 2024-06-04 Split-level fractions
\l__xfrac_slash_box=\box157
\l__xfrac_tmp_box=\box158
\l__xfrac_denominator_bot_sep_dim=\dimen396
\l__xfrac_numerator_bot_sep_dim=\dimen397
\l__xfrac_numerator_top_sep_dim=\dimen398
\l__xfrac_slash_left_sep_dim=\dimen399
\l__xfrac_slash_right_sep_dim=\dimen400
\l__xfrac_slash_left_muskip=\muskip19
\l__xfrac_slash_right_muskip=\muskip20

LaTeX template Info: Declaring template type 'xfrac' taking 3 argument(s) on
(template)           line 100.


LaTeX template Info: Declaring instance 'cmr' of type xfrac on line 392.


LaTeX template Info: Declaring instance 'cmss' of type xfrac on line 392.


LaTeX template Info: Declaring instance 'cmtt' of type xfrac on line 392.

) (/usr/local/texlive/2024/texmf-dist/tex/latex/extpfeil/extpfeil.sty
Package: extpfeil 2009/10/31 v0.4 Extensible Pfeile (PE)
 (/usr/local/texlive/2024/texmf-dist/tex/latex/mathtools/mathtools.sty
Package: mathtools 2024/03/11 v1.30 mathematical typesetting tools
 (/usr/local/texlive/2024/texmf-dist/tex/latex/tools/calc.sty
Package: calc 2023/07/08 v4.3 Infix arithmetic (KKT,FJ)
\calc@Acount=\count424
\calc@Bcount=\count425
\calc@Adimen=\dimen401
\calc@Bdimen=\dimen402
\calc@Askip=\skip86
\calc@Bskip=\skip87
LaTeX Info: Redefining \setlength on input line 80.
LaTeX Info: Redefining \addtolength on input line 81.
\calc@Ccount=\count426
\calc@Cskip=\skip88
) (/usr/local/texlive/2024/texmf-dist/tex/latex/mathtools/mhsetup.sty
Package: mhsetup 2021/03/18 v1.4 programming setup (MH)
)
\g_MT_multlinerow_int=\count427
\l_MT_multwidth_dim=\dimen403
\origjot=\skip89
\l_MT_shortvdotswithinadjustabove_dim=\dimen404
\l_MT_shortvdotswithinadjustbelow_dim=\dimen405
\l_MT_above_intertext_sep=\dimen406
\l_MT_below_intertext_sep=\dimen407
\l_MT_above_shortintertext_sep=\dimen408
\l_MT_below_shortintertext_sep=\dimen409
\xmathstrut@box=\box159
\xmathstrut@dim=\dimen410
) (/usr/local/texlive/2024/texmf-dist/tex/latex/stmaryrd/stmaryrd.sty
Package: stmaryrd 1994/03/03 St Mary's Road symbol package
\symstmry=\mathgroup6
LaTeX Font Info:    Overwriting symbol font `stmry' in version `bold'
(Font)                  U/stmry/m/n --> U/stmry/b/n on input line 89.
))
Package translations Info: No language package found. I am going to use `english' as default language. on input line 841.
 (./sample-article.aux)
\openout1 = `sample-article.aux'.

LaTeX Font Info:    Checking defaults for OML/cmm/m/it on input line 841.
LaTeX Font Info:    ... okay on input line 841.
LaTeX Font Info:    Checking defaults for OMS/cmsy/m/n on input line 841.
LaTeX Font Info:    ... okay on input line 841.
LaTeX Font Info:    Checking defaults for OT1/cmr/m/n on input line 841.
LaTeX Font Info:    ... okay on input line 841.
LaTeX Font Info:    Checking defaults for T1/cmr/m/n on input line 841.
LaTeX Font Info:    ... okay on input line 841.
LaTeX Font Info:    Checking defaults for TS1/cmr/m/n on input line 841.
LaTeX Font Info:    ... okay on input line 841.
LaTeX Font Info:    Checking defaults for OMX/cmex/m/n on input line 841.
LaTeX Font Info:    ... okay on input line 841.
LaTeX Font Info:    Checking defaults for U/cmr/m/n on input line 841.
LaTeX Font Info:    ... okay on input line 841.
LaTeX Font Info:    Checking defaults for PD1/pdf/m/n on input line 841.
LaTeX Font Info:    ... okay on input line 841.
LaTeX Font Info:    Checking defaults for PU/pdf/m/n on input line 841.
LaTeX Font Info:    ... okay on input line 841.

*geometry* driver: auto-detecting
*geometry* detected driver: pdftex
*geometry* verbose mode - [ preamble ] result:
* driver: pdftex
* paper: <default>
* layout: <same size as paper>
* layoutoffset:(h,v)=(0.0pt,0.0pt)
* modes: 
* h-part:(L,W,R)=(92.14519pt, 430.00462pt, 92.14519pt)
* v-part:(T,H,B)=(95.39737pt, 556.47656pt, 143.09605pt)
* \paperwidth=614.295pt
* \paperheight=794.96999pt
* \textwidth=430.00462pt
* \textheight=556.47656pt
* \oddsidemargin=19.8752pt
* \evensidemargin=19.8752pt
* \topmargin=-13.87262pt
* \headheight=12.0pt
* \headsep=25.0pt
* \topskip=10.0pt
* \footskip=30.0pt
* \marginparwidth=65.0pt
* \marginparsep=11.0pt
* \columnsep=10.0pt
* \skip\footins=9.0pt plus 4.0pt minus 2.0pt
* \hoffset=0.0pt
* \voffset=0.0pt
* \mag=1000
* \@twocolumnfalse
* \@twosidefalse
* \@mparswitchfalse
* \@reversemarginfalse
* (1in=72.27pt=25.4mm, 1cm=28.453pt)

(/usr/local/texlive/2024/texmf-dist/tex/context/base/mkii/supp-pdf.mkii
[Loading MPS to PDF converter (version 2006.09.02).]
\scratchcounter=\count428
\scratchdimen=\dimen411
\scratchbox=\box160
\nofMPsegments=\count429
\nofMParguments=\count430
\everyMPshowfont=\toks66
\MPscratchCnt=\count431
\MPscratchDim=\dimen412
\MPnumerator=\count432
\makeMPintoPDFobject=\count433
\everyMPtoPDFconversion=\toks67
) (/usr/local/texlive/2024/texmf-dist/tex/latex/epstopdf-pkg/epstopdf-base.sty
Package: epstopdf-base 2020-01-24 v2.11 Base part for package epstopdf
Package epstopdf-base Info: Redefining graphics rule for `.eps' on input line 485.
 (/usr/local/texlive/2024/texmf-dist/tex/latex/latexconfig/epstopdf-sys.cfg
File: epstopdf-sys.cfg 2010/07/13 v1.3 Configuration of (r)epstopdf for TeX Live
)) (/usr/local/texlive/2024/texmf-dist/tex/latex/upquote/upquote.sty
Package: upquote 2012/04/19 v1.3 upright-quote and grave-accent glyphs in verbatim
)
LaTeX Info: Redefining \microtypecontext on input line 841.
Package microtype Info: Applying patch `item' on input line 841.
Package microtype Info: Applying patch `toc' on input line 841.
Package microtype Info: Applying patch `eqnum' on input line 841.
Package microtype Info: Applying patch `footnote' on input line 841.
Package microtype Info: Applying patch `verbatim' on input line 841.
Package microtype Info: Generating PDF output.
Package microtype Info: Character protrusion enabled (level 2).
Package microtype Info: Using default protrusion set `alltext'.
Package microtype Info: Automatic font expansion enabled (level 2),
(microtype)             stretch: 20, shrink: 20, step: 1, non-selected.
Package microtype Info: Using default expansion set `alltext-nott'.
LaTeX Info: Redefining \showhyphens on input line 841.
Package microtype Info: No adjustment of tracking.
Package microtype Info: No adjustment of interword spacing.
Package microtype Info: No adjustment of character kerning.
 (/usr/local/texlive/2024/texmf-dist/tex/latex/microtype/mt-cmr.cfg
File: mt-cmr.cfg 2013/05/19 v2.2 microtype config. file: Computer Modern Roman (RS)
) (/usr/local/texlive/2024/texmf-dist/tex/latex/translations/translations-basic-dictionary-english.trsl
File: translations-basic-dictionary-english.trsl (english translation file `translations-basic-dictionary')
)
Package translations Info: loading dictionary `translations-basic-dictionary' for `english'. on input line 841.
\c@lstlisting=\count434
Package hyperref Info: Link coloring ON on input line 841.
 (./sample-article.out) (./sample-article.out)
\@outlinefile=\write6
\openout6 = `sample-article.out'.



Package pgfplots Warning: running in backwards compatibility mode (unsuitable tick labels; missing features). Consider writing \pgfplotsset{compat=1.18} into your preamble.
 on input line 841.

\c__nicematrix_shift_Ldots_last_row_dim=\dimen413
\c__nicematrix_shift_exterior_Vdots_dim=\dimen414
\c__nicematrix_innersep_middle_dim=\dimen415
\c@tabularnotesi=\count435
\enitdp@tabularnotes=\count436
\c@tabularnotes*i=\count437
\enitdp@tabularnotes*=\count438
LaTeX Font Info:    Trying to load font information for OT1+lmr on input line 841.
(/usr/local/texlive/2024/texmf-dist/tex/latex/lm/ot1lmr.fd
File: ot1lmr.fd 2015/05/01 v1.6.1 Font defs for Latin Modern
)
LaTeX Font Info:    Trying to load font information for OML+lmm on input line 841.
 (/usr/local/texlive/2024/texmf-dist/tex/latex/lm/omllmm.fd
File: omllmm.fd 2015/05/01 v1.6.1 Font defs for Latin Modern
)
LaTeX Font Info:    Trying to load font information for OMS+lmsy on input line 841.
 (/usr/local/texlive/2024/texmf-dist/tex/latex/lm/omslmsy.fd
File: omslmsy.fd 2015/05/01 v1.6.1 Font defs for Latin Modern
)
LaTeX Font Info:    Trying to load font information for OMX+lmex on input line 841.
 (/usr/local/texlive/2024/texmf-dist/tex/latex/lm/omxlmex.fd
File: omxlmex.fd 2015/05/01 v1.6.1 Font defs for Latin Modern
)
LaTeX Font Info:    External font `lmex10' loaded for size
(Font)              <10> on input line 841.
LaTeX Font Info:    External font `lmex10' loaded for size
(Font)              <7> on input line 841.
LaTeX Font Info:    External font `lmex10' loaded for size
(Font)              <5> on input line 841.
LaTeX Font Info:    Trying to load font information for U+msa on input line 841.
 (/usr/local/texlive/2024/texmf-dist/tex/latex/amsfonts/umsa.fd
File: umsa.fd 2013/01/14 v3.01 AMS symbols A
) (/usr/local/texlive/2024/texmf-dist/tex/latex/microtype/mt-msa.cfg
File: mt-msa.cfg 2006/02/04 v1.1 microtype config. file: AMS symbols (a) (RS)
)
LaTeX Font Info:    Trying to load font information for U+msb on input line 841.
 (/usr/local/texlive/2024/texmf-dist/tex/latex/amsfonts/umsb.fd
File: umsb.fd 2013/01/14 v3.01 AMS symbols B
) (/usr/local/texlive/2024/texmf-dist/tex/latex/microtype/mt-msb.cfg
File: mt-msb.cfg 2005/06/01 v1.0 microtype config. file: AMS symbols (b) (RS)
)
LaTeX Font Info:    Trying to load font information for U+stmry on input line 841.
 (/usr/local/texlive/2024/texmf-dist/tex/latex/stmaryrd/Ustmry.fd)
LaTeX Font Info:    External font `lmex10' loaded for size
(Font)              <8> on input line 843.
LaTeX Font Info:    External font `lmex10' loaded for size
(Font)              <6> on input line 843.
LaTeX Font Info:    External font `lmex10' loaded for size
(Font)              <12> on input line 843.
LaTeX Font Info:    Trying to load font information for TS1+lmr on input line 843.
 (/usr/local/texlive/2024/texmf-dist/tex/latex/lm/ts1lmr.fd
File: ts1lmr.fd 2015/05/01 v1.6.1 Font defs for Latin Modern
)
************************************************
Section 1 Introduction
************************************************
LaTeX Font Info:    Trying to load font information for T1+zi4 on input line 862.
(/usr/local/texlive/2024/texmf-dist/tex/latex/inconsolata/t1zi4.fd
File: t1zi4.fd 2018/01/14 T1/zi4 (Inconsolata)
)
LaTeX Font Info:    Font shape `T1/zi4/m/n' will be
(Font)              scaled to size 9.0pt on input line 862.
Package microtype Info: Loading generic protrusion settings for font family
(microtype)             `zi4' (encoding: T1).
(microtype)             For optimal results, create family-specific settings.
(microtype)             See the microtype manual for details.
LaTeX Font Info:    External font `lmex10' loaded for size
(Font)              <9> on input line 862.

************************************************
Section 2 The Fundamental Theorem
************************************************


[1

{/usr/local/texlive/2024/texmf-var/fonts/map/pdftex/updmap/pdftex.map}{/usr/local/texlive/2024/texmf-dist/fonts/enc/dvips/lm/lm-ec.enc}{/usr/local/texlive/2024/texmf-dist/fonts/enc/dvips/lm/lm-ts1.enc}{/usr/local/texlive/2024/texmf-dist/fonts/enc/dvips/lm/lm-mathit.enc}{/usr/local/texlive/2024/texmf-dist/fonts/enc/dvips/lm/lm-rm.enc}{/usr/local/texlive/2024/texmf-dist/fonts/enc/dvips/lm/lm-mathex.enc}{/usr/local/texlive/2024/texmf-dist/fonts/enc/dvips/inconsolata/i4-t1-5.enc}]
LaTeX Font Info:    Font shape `T1/zi4/m/n' will be
(Font)              scaled to size 10.0pt on input line 888.
LaTeX Font Info:    Trying to load font information for TS1+zi4 on input line 888.
 (/usr/local/texlive/2024/texmf-dist/tex/latex/inconsolata/ts1zi4.fd
File: ts1zi4.fd 2018/01/14 TS1/zi4 (Inconsolata)
)
LaTeX Font Info:    Font shape `TS1/zi4/m/n' will be
(Font)              scaled to size 10.0pt on input line 888.
Package microtype Info: Loading generic protrusion settings for font family
(microtype)             `zi4' (encoding: TS1).
(microtype)             For optimal results, create family-specific settings.
(microtype)             See the microtype manual for details.
Package microtype Info: Character `029' is missing
(microtype)             in font `T1/lmr/m/sc/10'.
(microtype)             Ignoring protrusion settings for this character.

************************************************
Section 3 Computing Integrals with Sage (\(\DOTSI \intop \ilimits@ \))
************************************************
LaTeX Font Info:    External font `lmex10' loaded for size
(Font)              <14.4> on input line 911.

Package hyperref Warning: Token not allowed in a PDF string (Unicode):
(hyperref)                removing `math shift' on input line 911.


Package hyperref Warning: Token not allowed in a PDF string (Unicode):
(hyperref)                removing `\intop' on input line 911.


Package hyperref Warning: Token not allowed in a PDF string (Unicode):
(hyperref)                removing `\ilimits@' on input line 911.

\g__tcobox_out_iow=\write7
\openout7 = `sample-article.listing'.

(/usr/local/texlive/2024/texmf-dist/tex/latex/listings/lstlang1.sty
File: lstlang1.sty 2024/09/23 1.10c listings language file
) (./sample-article.listing)
\openout7 = `sample-article.listing'.

 (./sample-article.listing)
\openout7 = `sample-article.listing'.

 (./sample-article.listing)
\openout7 = `sample-article.listing'.

 (./sample-article.listing)
\openout7 = `sample-article.listing'.

 (./sample-article.listing)

[2{/usr/local/texlive/2024/texmf-dist/fonts/enc/dvips/lm/lm-mathsy.enc}{/usr/local/texlive/2024/texmf-dist/fonts/enc/dvips/inconsolata/i4-ts1.enc}]
\openout7 = `sample-article.listing'.

 (./sample-article.listing)
\openout7 = `sample-article.listing'.

 (./sample-article.listing)
\openout7 = `sample-article.listing'.

 (./sample-article.listing)
\openout7 = `sample-article.listing'.

 (./sample-article.listing)
\openout7 = `sample-article.listing'.

 (./sample-article.listing)
\openout7 = `sample-article.listing'.

 (./sample-article.listing)
\openout7 = `sample-article.listing'.

 (./sample-article.listing)
\openout7 = `sample-article.listing'.

 (./sample-article.listing
LaTeX Font Info:    Font shape `T1/zi4/b/n' will be
(Font)              scaled to size 9.0pt on input line 1.
)
\openout7 = `sample-article.listing'.

 (./sample-article.listing)

[3]
\openout7 = `sample-article.listing'.

 (./sample-article.listing)
\openout7 = `sample-article.listing'.

 (./sample-article.listing

LaTeX Font Warning: Font shape `T1/zi4/m/it' undefined
(Font)              using `T1/zi4/m/n' instead on input line 1.

LaTeX Font Info:    Font shape `T1/zi4/m/it' will be
(Font)              scaled to size 9.0pt on input line 1.
)

[4]
\openout7 = `sample-article.listing'.

 (./sample-article.listing)
\openout7 = `sample-article.listing'.

 (./sample-article.listing)
************************************************
Section 4 An Interesting Corollary
************************************************


[5]
************************************************
Subsection 4.1 Second Version of \acronymintitle {FTC}
************************************************


[6]
\openout7 = `sample-article.listing'.

 (./sample-article.listing)
\openout7 = `sample-article.listing'.

 (./sample-article.listing)
\openout7 = `sample-article.listing'.

 (./sample-article.listing)
\openout7 = `sample-article.listing'.

 (./sample-article.listing)
\openout7 = `sample-article.listing'.

 (./sample-article.listing)
\openout7 = `sample-article.listing'.

 (./sample-article.listing)
\openout7 = `sample-article.listing'.

 (./sample-article.listing)

[7]

[8]
LaTeX Font Info:    Font shape `T1/zi4/m/it' will be
(Font)              scaled to size 10.0pt on input line 1245.

************************************************
Subsection 4.2 A Pedagogical Note about Subsection~{\relax \ref *{subsection-second-FTC}}
************************************************
************************************************
Subsubsection 4.2.1 Symbolic and Numerical Integrals
************************************************


[9]
************************************************
Subsubsection 4.2.2 Advice
************************************************


[10]
Overfull \hbox (22.11423pt too wide) in paragraph at lines 1355--1356
[][]\T1/lmr/bx/n/10 (-20) Project 4.11 \T1/lmr/m/n/10 (-20) (Start Ex-plor-ing Pre-TeXt)\T1/lmr/bx/n/10 (-20) . []\T1/lmr/m/n/10 (-20) You could grab the \T1/zi4/m/it/10 minimal.xml \T1/lmr/m/n/10 (-20) file from the \T1/zi4/m/it/10 examples/minimal
 []

LaTeX Font Info:    Font shape `T1/zi4/m/n' will be
(Font)              scaled to size 8.0pt on input line 1389.


[11]

LaTeX Font Warning: Font shape `T1/zi4/m/sl' undefined
(Font)              using `T1/zi4/m/n' instead on input line 1406.

LaTeX Font Info:    Font shape `T1/zi4/m/sl' will be
(Font)              scaled to size 10.0pt on input line 1411.


[12]

[13]

[14]

[15]

[16]
\openout7 = `sample-article.listing'.

 (./sample-article.listing)
\openout7 = `sample-article.listing'.

 (./sample-article.listing)
LaTeX Font Info:    Font shape `T1/zi4/b/n' will be
(Font)              scaled to size 10.0pt on input line 1577.

************************************************
Subsection 4.3 Theorem-Like Environments
************************************************


[17]
************************************************
Subsection 4.4 Linking Sage Cells
************************************************

Overfull \hbox (2.79254pt too wide) in paragraph at lines 1599--1607
[]\T1/lmr/m/n/10 (-20) More pre-cisely, \T1/zi4/m/sl/10 <theorem>\T1/lmr/m/n/10 (-20) , \T1/zi4/m/sl/10 <corollary>\T1/lmr/m/n/10 (-20) , \T1/zi4/m/sl/10 <lemma>\T1/lmr/m/n/10 (-20) , \T1/zi4/m/sl/10 <algorithm>\T1/lmr/m/n/10 (-20) , \T1/zi4/m/sl/10 <proposition>\T1/lmr/m/n/10 (-20) , \T1/zi4/m/sl/10 <claim>\T1/lmr/m/n/10 (-20) , \T1/zi4/m/sl/10 <fact>\T1/lmr/m/n/10 (-20) ,
 []

\openout7 = `sample-article.listing'.

(./sample-article.listing)
\openout7 = `sample-article.listing'.

 (./sample-article.listing)
\openout7 = `sample-article.listing'.

 (./sample-article.listing)
\openout7 = `sample-article.listing'.

 (./sample-article.listing)
************************************************
Subsection 4.5 Hierarchy
************************************************


[18]
************************************************
Subsection 4.6 Introductions and Conclusions
************************************************


[19]
************************************************
Subsubsection 4.6.1 Test One
************************************************
************************************************
Subsubsection 4.6.2 Test Two
************************************************
************************************************
Subsubsection 4.6.3 Test Three
************************************************
************************************************
Subsection 4.7 Some Paragraph-Level Markup
************************************************


[20]
Overfull \hbox (16.6583pt too wide) in paragraph at lines 1752--1756
[]\T1/lmr/m/n/10 (-20) We sup-ply two pro-vi-sional cross-references for test-ing pur-poses only: \T1/zi4/m/sl/10 [provisional cross-reference:
 []

************************************************
Section 5 Some Facts and Figures
************************************************


[21]
<external/images/cubic-function.png, id=1013, 566.5968pt x 422.0568pt>
File: external/images/cubic-function.png Graphic file (type png)
<use external/images/cubic-function.png>
Package pdftex.def Info: external/images/cubic-function.png  used on input line 1807.
(pdftex.def)             Requested size: 215.90231pt x 160.82117pt.


Package multicol Warning: I moved some lines to the next page.
(multicol)                Footnotes on page 22 might be wrong on input line 1834.

[22 <./external/images/cubic-function.png>] [23]
************************************************
Section 6 Some Advanced Ideas
************************************************


[24]
************************************************
Section 7 Mathematics
************************************************
************************************************
Subsection 7.1 Basic Mathematics
************************************************


[25]
************************************************
Subsection 7.2 Displayed Mathematics
************************************************


[26]

[27]

[28]

[29]

[30]

[31]
************************************************
Subsection 7.3 \LaTeX {} Packages and MathJax Extensions
************************************************
************************************************
Subsection 7.4 Advanced Mathematics
************************************************

Package amsmath Warning: Foreign command \atop;
(amsmath)                \frac or \genfrac should be used instead
(amsmath)                 on input line 2213.



[32]
************************************************
Subsection 7.5 Local Tags on Equations
************************************************


[33]
************************************************
Subsection 7.6 Commutative Diagrams
************************************************
************************************************
Subsection 7.7 Line-Breaking after Mathematics
************************************************
************************************************
Subsection 7.8 Fonts and Mathematics
************************************************


[34]
************************************************
Subsection 7.9 Miscellaneous
************************************************
************************************************
Section 8 Grouping Samples
************************************************
************************************************
Subsection 8.1 Remark-like Blocks
************************************************


[35]
************************************************
Subsection 8.2 Example-like Blocks
************************************************
************************************************
Subsection 8.3 Theorem-like Blocks
************************************************
************************************************
Subsection 8.4 Axiom-like Blocks
************************************************


[36]
************************************************
Subsection 8.5 Definition-like Blocks
************************************************
************************************************
Subsection 8.6 Aside-like Blocks
************************************************
************************************************
Subsection 8.7 Computation-like Blocks
************************************************
************************************************
Subsection 8.8 Project-like Blocks
************************************************


[37]
************************************************
Section 9 Entering Text in Paragraphs, Titles, Captions
************************************************
************************************************
Subsection 9.1 Special \initialismintitle {XML} characters
************************************************
************************************************
Subsection 9.2 Quotations
************************************************


[38]
Underfull \hbox (badness 10000) in paragraph at lines 2674--2676

 []


Underfull \hbox (badness 10000) in paragraph at lines 2682--2685

 []

************************************************
Subsection 9.3 Groupings
************************************************


[39]
************************************************
Subsection 9.4 Characters, Symbols, and Constructions
************************************************
LaTeX Info: Symbol \textasciigrave not provided by
            font family zi4 in TS1 encoding.
            Default family used instead on input line 2730.
LaTeX Font Info:    Trying to load font information for T1+cmtt on input line 2730.
(/usr/local/texlive/2024/texmf-dist/tex/latex/base/t1cmtt.fd
File: t1cmtt.fd 2023/04/13 v2.5m Standard LaTeX font definitions
)
Package microtype Info: Loading generic protrusion settings for font family
(microtype)             `cmtt' (encoding: T1).
(microtype)             For optimal results, create family-specific settings.
(microtype)             See the microtype manual for details.
LaTeX Font Info:    Trying to load font information for TS1+cmtt on input line 2730.
 (/usr/local/texlive/2024/texmf-dist/tex/latex/base/ts1cmtt.fd
File: ts1cmtt.fd 2023/04/13 v2.5m Standard LaTeX font definitions
)
Package microtype Info: Loading generic protrusion settings for font family
(microtype)             `cmtt' (encoding: TS1).
(microtype)             For optimal results, create family-specific settings.
(microtype)             See the microtype manual for details.


[40{/usr/local/texlive/2024/texmf-dist/fonts/enc/dvips/cm-super/cm-super-ts1.enc}]
************************************************
Subsection 9.5 Currency
************************************************


[41]
************************************************
Subsection 9.6 Icons in Text
************************************************
LaTeX Font Info:    Trying to load font information for U+fontawesomefree0 on input line 2806.
(/usr/local/texlive/2024/texmf-dist/tex/latex/fontawesome5/ufontawesomefree0.fd)
LaTeX Font Info:    Trying to load font information for U+fontawesomefree3 on input line 2806.
 (/usr/local/texlive/2024/texmf-dist/tex/latex/fontawesome5/ufontawesomefree3.fd)
LaTeX Font Info:    Trying to load font information for U+fontawesomefree2 on input line 2806.
 (/usr/local/texlive/2024/texmf-dist/tex/latex/fontawesome5/ufontawesomefree2.fd)
LaTeX Font Info:    Trying to load font information for U+fontawesomebrands0 on input line 2823.
 (/usr/local/texlive/2024/texmf-dist/tex/latex/fontawesome5/ufontawesomebrands0.fd)
LaTeX Font Info:    Font shape `U/fontawesomebrands0/solid/n' in size <10> not available
(Font)              Font shape `U/fontawesomebrands0/regular/n' tried instead on input line 2823.


[42{/usr/local/texlive/2024/texmf-dist/fonts/enc/dvips/fontawesome5/fa5free0.enc}{/usr/local/texlive/2024/texmf-dist/fonts/enc/dvips/fontawesome5/fa5free3.enc}{/usr/local/texlive/2024/texmf-dist/fonts/enc/dvips/fontawesome5/fa5free2.enc}{/usr/local/texlive/2024/texmf-dist/fonts/enc/dvips/fontawesome5/fa5brands0.enc}]
************************************************
Subsection 9.7 Keyboard Keys
************************************************
LaTeX Font Info:    Trying to load font information for T1+lmss on input line 2851.
(/usr/local/texlive/2024/texmf-dist/tex/latex/lm/t1lmss.fd
File: t1lmss.fd 2015/05/01 v1.6.1 Font defs for Latin Modern
)
Package microtype Info: Loading generic protrusion settings for font family
(microtype)             `lmss' (encoding: T1).
(microtype)             For optimal results, create family-specific settings.
(microtype)             See the microtype manual for details.
LaTeX Font Info:    Trying to load font information for TS1+lmss on input line 2880.
 (/usr/local/texlive/2024/texmf-dist/tex/latex/lm/ts1lmss.fd
File: ts1lmss.fd 2015/05/01 v1.6.1 Font defs for Latin Modern
)
Package microtype Info: Loading generic protrusion settings for font family
(microtype)             `lmss' (encoding: TS1).
(microtype)             For optimal results, create family-specific settings.
(microtype)             See the microtype manual for details.

Overfull \hbox (2.2965pt too wide) in paragraph at lines 2877--2884
 [][] 
 []


Overfull \hbox (2.2965pt too wide) in paragraph at lines 2888--2895
 [][] 
 []



[43]
************************************************
Subsection 9.8 URLs, such as \texttt {http://example.com}
************************************************
LaTeX Font Info:    Font shape `T1/zi4/b/n' will be
(Font)              scaled to size 12.0pt on input line 2903.

Overfull \hbox (9.18167pt too wide) in paragraph at lines 2920--2921
[]\T1/lmr/m/n/10 (-20) ABCDEFGHIJKLMNOPQRSTUVWXYZabcdefghijklmnopqrstuvwxyz0123456789%-._~:/
 []


Overfull \hbox (44.74544pt too wide) in paragraph at lines 2922--2923
[]\T1/zi4/m/sl/10 ABCDEFGHIJKLMNOPQRSTUVWXYZabcdefghijklmnopqrstuvwxyz0123456789%-._~:/?#[]@!$&\TS1/zi4/m/n/10 '\T1/zi4/m/sl/10 ()*+,;= 
 []


Overfull \hbox (5.24544pt too wide) in paragraph at lines 2924--2925
[][][]$\T1/zi4/m/it/9 http : / / example . com / ABCDEFGHIJKLMNOPQRSTUVWXYZabcdefghijklmnopqrstuvwxyz0123456789 % 58-[] .
 []


Overfull \hbox (16.27043pt too wide) in paragraph at lines 2926--2927
[][][]$\T1/zi4/m/it/9 example . com / ABCDEFGHIJKLMNOPQRSTUVWXYZabcdefghijklmnopqrstuvwxyz0123456789 % 58-[] . _~ : / ? #[] @
 []


Underfull \hbox (badness 10000) in paragraph at lines 2928--2928
[][]$\T1/zi4/m/it/9 example . com / ABCDEFGHIJKLMNOPQRSTUVWXYZabcdefghijklmnopqrstuvwxyz0123456789 % 58-[] . _~ : / ? #[] @ !$ &
 []


Overfull \hbox (1.09538pt too wide) in paragraph at lines 2930--2931
\T1/zi4/m/it/9 long / long / long / long / long / long / long / long / longer / longer / longer / longer / longer / longer / longer / longer /
 []


Overfull \hbox (10.09538pt too wide) in paragraph at lines 2930--2931
\T1/zi4/m/it/9 longer / longer / longer / longer / longer / longer / longer / longer / longer / longer / longer / longer / longer / longer /
 []



[44]
Underfull \hbox (badness 10000) in paragraph at lines 2932--2932
[][][][]$\T1/zi4/m/it/9 http : / / example . com / ABCDEFGHIJKLMNOPQRSTUVWXYZabcdefghijklmnopqrstuvwxyz0123456789 % 58-[] . _~ :
 []

************************************************
Subsection 9.9 Biological Names
************************************************
************************************************
Subsection 9.10 Verbatim in titles, \texttt {\textbackslash {}a\&b\#c\%d\textasciitilde {}e\{f\}g\$h\_i\textasciicircum {}j}, OK
************************************************
************************************************
Subsection 9.11 Special Situations
************************************************
\openout7 = `sample-article.listing'.

(./sample-article.listing)
\openout7 = `sample-article.listing'.

 (./sample-article.listing)

[45]
\openout7 = `sample-article.listing'.

 (./sample-article.listing
LaTeX Font Info:    Font shape `TS1/zi4/m/n' will be
(Font)              scaled to size 9.0pt on input line 1.
)
\openout7 = `sample-article.listing'.

 (./sample-article.listing)
************************************************
Subsection 9.12 Jupyter Notebook, Markdown, MathJax, Delimiters
************************************************
************************************************
Subsection 9.13 \LaTeX {} Characters, Ligatures, and More
************************************************
LaTeX Info: Symbol \textasciigrave not provided by
            font family zi4 in TS1 encoding.
            Default family used instead on input line 3018.
LaTeX Info: Symbol \textasciigrave not provided by
            font family zi4 in TS1 encoding.
            Default family used instead on input line 3018.


[46]
************************************************
Subsection 9.14 \initialismintitle {HTML} and accidental mathematics
************************************************

Underfull \hbox (badness 10000) in paragraph at lines 3034--3042
[]\T1/lmr/m/n/10 (-15) A/test/of/some/short/words/that/go/off/the/end/of/a/line/A/test/of/some/short/words/that/
 []


Overfull \hbox (15.04237pt too wide) in paragraph at lines 3034--3042
\T1/lmr/m/n/10 (-20) go/off/the/end/of/a/line/A/test/of/some/short/words/that/go/off/the/end/of/a/line/A/test/of/some/
 []


Underfull \hbox (badness 10000) in paragraph at lines 3034--3042
\T1/lmr/m/n/10 (-3) short/words/that/go/off/the/end/of/a/line/A/test/of/some/short/words/that/go/off/the/end/of/
 []

************************************************
Section 10 Graphics
************************************************


[47]
************************************************
Subsection 10.1 Images from External Sources
************************************************
<external/images/nz-landscape.jpg, id=1382, 192.72pt x 127.9179pt>
File: external/images/nz-landscape.jpg Graphic file (type jpg)
<use external/images/nz-landscape.jpg>
Package pdftex.def Info: external/images/nz-landscape.jpg  used on input line 3076.
(pdftex.def)             Requested size: 345.08502pt x 229.04967pt.
<external/images/complete-graph.pdf, id=1384, 337.81006pt x 337.81006pt>
File: external/images/complete-graph.pdf Graphic file (type pdf)
<use external/images/complete-graph.pdf>
Package pdftex.def Info: external/images/complete-graph.pdf  used on input line 3086.
(pdftex.def)             Requested size: 280.49039pt x 280.51112pt.


[48 <./external/images/nz-landscape.jpg>]
************************************************
Subsection 10.2 PreFigure
************************************************


[49 <./external/images/complete-graph.pdf>]

pdfTeX warning: pdflatex (file ./generated/prefigure/prefigure-diffeq.pdf): PDF inclusion: found PDF version <1.7>, but at most version <1.5> allowed
<generated/prefigure/prefigure-diffeq.pdf, id=1404, 224.037pt x 224.037pt>
File: generated/prefigure/prefigure-diffeq.pdf Graphic file (type pdf)
<use generated/prefigure/prefigure-diffeq.pdf>
Package pdftex.def Info: generated/prefigure/prefigure-diffeq.pdf  used on input line 3130.
(pdftex.def)             Requested size: 258.96541pt x 258.97034pt.


pdfTeX warning: pdflatex (file ./generated/prefigure/prefigure-projection.pdf): PDF inclusion: found PDF version <1.7>, but at most version <1.5> allowed
<generated/prefigure/prefigure-projection.pdf, id=1405, 224.037pt x 224.037pt>
File: generated/prefigure/prefigure-projection.pdf Graphic file (type pdf)
<use generated/prefigure/prefigure-projection.pdf>
Package pdftex.def Info: generated/prefigure/prefigure-projection.pdf  used on input line 3136.
(pdftex.def)             Requested size: 258.6054pt x 258.60797pt.


[50 <./generated/prefigure/prefigure-diffeq.pdf>]

pdfTeX warning: pdflatex (file ./generated/prefigure/prefigure-tangent.pdf): PDF inclusion: found PDF version <1.7>, but at most version <1.5> allowed
<generated/prefigure/prefigure-tangent.pdf, id=1414, 224.037pt x 224.037pt>
File: generated/prefigure/prefigure-tangent.pdf Graphic file (type pdf)
<use generated/prefigure/prefigure-tangent.pdf>
Package pdftex.def Info: generated/prefigure/prefigure-tangent.pdf  used on input line 3140.
(pdftex.def)             Requested size: 258.6054pt x 258.60797pt.


[51 <./generated/prefigure/prefigure-projection.pdf>]
<generated/prefigure/prefigure-fibonacci-a.pdf, id=1421, 144.54pt x 144.54pt>
File: generated/prefigure/prefigure-fibonacci-a.pdf Graphic file (type pdf)
<use generated/prefigure/prefigure-fibonacci-a.pdf>
Package pdftex.def Info: generated/prefigure/prefigure-fibonacci-a.pdf  used on input line 3146.
(pdftex.def)             Requested size: 129.7827pt x 129.78923pt.
<generated/prefigure/prefigure-fibonacci-b.pdf, id=1422, 260.17201pt x 144.54pt>
File: generated/prefigure/prefigure-fibonacci-b.pdf Graphic file (type pdf)
<use generated/prefigure/prefigure-fibonacci-b.pdf>
Package pdftex.def Info: generated/prefigure/prefigure-fibonacci-b.pdf  used on input line 3149.
(pdftex.def)             Requested size: 215.90231pt x 119.9505pt.
<external/tactile/prefigure-diffeq.png, id=1423, 664.4825pt x 725.71124pt>
File: external/tactile/prefigure-diffeq.png Graphic file (type png)
<use external/tactile/prefigure-diffeq.png>
Package pdftex.def Info: external/tactile/prefigure-diffeq.png  used on input line 3156.
(pdftex.def)             Requested size: 301.60193pt x 329.39076pt.


[52 <./generated/prefigure/prefigure-tangent.pdf> <./generated/prefigure/prefigure-fibonacci-a.pdf

pdfTeX warning: pdflatex (file ./generated/prefigure/prefigure-fibonacci-a.pdf): PDF inclusion: multiple pdfs with page group included in a single page
> <./generated/prefigure/prefigure-fibonacci-b.pdf

pdfTeX warning: pdflatex (file ./generated/prefigure/prefigure-fibonacci-b.pdf): PDF inclusion: multiple pdfs with page group included in a single page
>]
************************************************
Subsection 10.3 \LaTeX {} images
************************************************
LaTeX Font Info:    External font `lmex10' loaded for size
(Font)              <20.74> on input line 3249.


[53 <./external/tactile/prefigure-diffeq.png>]

[54]

[55]
PGFPlots: reading {external/data/hodgkin-huxley-data.dat}


[56]
\g__nicematrix_max_cell_width_dim=\dimen416
\c@iRow=\count439
\c@jCol=\count440
\l__nicematrix_cell_box=\box161
\l__nicematrix_the_array_box=\box162
\l__nicematrix_left_delim_dim=\dimen417
\l__nicematrix_right_delim_dim=\dimen418
\g__nicematrix_ddots_int=\count441
\g__nicematrix_iddots_int=\count442
\g__nicematrix_delta_x_one_dim=\dimen419
\g__nicematrix_delta_y_one_dim=\dimen420
\g__nicematrix_delta_x_two_dim=\dimen421
\g__nicematrix_delta_y_two_dim=\dimen422
\l__nicematrix_initial_i_int=\count443
\l__nicematrix_initial_j_int=\count444
\l__nicematrix_final_i_int=\count445
\l__nicematrix_final_j_int=\count446

************************************************
Subsection 10.4 Asymptote, 2D
************************************************


[57]
<generated/asymptote/asymptote-lever.pdf, id=1480, 200.75pt x 65.043pt>
File: generated/asymptote/asymptote-lever.pdf Graphic file (type pdf)
<use generated/asymptote/asymptote-lever.pdf>
Package pdftex.def Info: generated/asymptote/asymptote-lever.pdf  used on input line 3461.
(pdftex.def)             Requested size: 431.20464pt x 139.73152pt.
<generated/asymptote/asymptote-contour.pdf, id=1482, 286.0286pt x 288.73872pt>
File: generated/asymptote/asymptote-contour.pdf Graphic file (type pdf)
<use generated/asymptote/asymptote-contour.pdf>
Package pdftex.def Info: generated/asymptote/asymptote-contour.pdf  used on input line 3468.
(pdftex.def)             Requested size: 431.20464pt x 435.33195pt.


[58 <./generated/asymptote/asymptote-lever.pdf>]
<generated/asymptote/asymptote-lever-integral.pdf, id=1503, 200.75pt x 68.8974pt>
File: generated/asymptote/asymptote-lever-integral.pdf Graphic file (type pdf)
<use generated/asymptote/asymptote-lever-integral.pdf>
Package pdftex.def Info: generated/asymptote/asymptote-lever-integral.pdf  used on input line 3475.
(pdftex.def)             Requested size: 345.08502pt x 118.45073pt.

************************************************
Subsection 10.5 Asymptote, 3D via WebGL
************************************************


[59 <./generated/asymptote/asymptote-contour.pdf>]
<generated/asymptote/asymptote-workcone.pdf, id=1530, 139.50117pt x 151.56625pt>
File: generated/asymptote/asymptote-workcone.pdf Graphic file (type pdf)
<use generated/asymptote/asymptote-workcone.pdf>
Package pdftex.def Info: generated/asymptote/asymptote-workcone.pdf  used on input line 3490.
(pdftex.def)             Requested size: 215.90231pt x 234.57602pt.


[60 <./generated/asymptote/asymptote-lever-integral.pdf> <./generated/asymptote/asymptote-workcone.pdf>]
<generated/asymptote/asymptote-surface.pdf, id=1556, 202.73743pt x 302.12875pt>
File: generated/asymptote/asymptote-surface.pdf Graphic file (type pdf)
<use generated/asymptote/asymptote-surface.pdf>
Package pdftex.def Info: generated/asymptote/asymptote-surface.pdf  used on input line 3512.
(pdftex.def)             Requested size: 172.83922pt x 257.57591pt.

************************************************
Subsection 10.6 Mermaid Diagrams
************************************************


[61 <./generated/asymptote/asymptote-surface.pdf>]
<generated/mermaid/mermaid-git-image-color.png, id=1573, 1911.14pt x 819.06pt>
File: generated/mermaid/mermaid-git-image-color.png Graphic file (type png)
<use generated/mermaid/mermaid-git-image-color.png>
Package pdftex.def Info: generated/mermaid/mermaid-git-image-color.png  used on input line 3530.
(pdftex.def)             Requested size: 431.20464pt x 184.79295pt.
<generated/mermaid/mermaid-class-image-color.png, id=1574, 2276.505pt x 1710.39pt>
File: generated/mermaid/mermaid-class-image-color.png Graphic file (type png)
<use generated/mermaid/mermaid-class-image-color.png>
Package pdftex.def Info: generated/mermaid/mermaid-class-image-color.png  used on input line 3536.
(pdftex.def)             Requested size: 431.20464pt x 323.95964pt.
<generated/mermaid/mermaid-sequence-image-color.png, id=1575, 3011.25pt x 2288.55pt>
File: generated/mermaid/mermaid-sequence-image-color.png Graphic file (type png)
<use generated/mermaid/mermaid-sequence-image-color.png>
Package pdftex.def Info: generated/mermaid/mermaid-sequence-image-color.png  used on input line 3542.
(pdftex.def)             Requested size: 431.20464pt x 327.69319pt.


[62 <./generated/mermaid/mermaid-git-image-color.png>]
************************************************
Subsection 10.7 Sage Plots
************************************************


[63 <./generated/mermaid/mermaid-class-image-color.png>]
<generated/sageplot/sageplot-parabola.pdf, id=1591, 454.78679pt x 338.37302pt>
File: generated/sageplot/sageplot-parabola.pdf Graphic file (type pdf)
<use generated/sageplot/sageplot-parabola.pdf>
Package pdftex.def Info: generated/sageplot/sageplot-parabola.pdf  used on input line 3558.
(pdftex.def)             Requested size: 215.90231pt x 160.63591pt.


[64 <./generated/mermaid/mermaid-sequence-image-color.png>]
<generated/sageplot/sageplot-updown.pdf, id=1600, 452.72893pt x 339.66899pt>
File: generated/sageplot/sageplot-updown.pdf Graphic file (type pdf)
<use generated/sageplot/sageplot-updown.pdf>
Package pdftex.def Info: generated/sageplot/sageplot-updown.pdf  used on input line 3565.
(pdftex.def)             Requested size: 194.37077pt x 145.83194pt.
<generated/sageplot/sageplot-exosagevec1.pdf, id=1601, 452.72893pt x 338.37286pt>
File: generated/sageplot/sageplot-exosagevec1.pdf Graphic file (type pdf)
<use generated/sageplot/sageplot-exosagevec1.pdf>
Package pdftex.def Info: generated/sageplot/sageplot-exosagevec1.pdf  used on input line 3572.
(pdftex.def)             Requested size: 108.25116pt x 80.90651pt.


[65 <./generated/sageplot/sageplot-parabola.pdf> <./generated/sageplot/sageplot-updown.pdf> <./generated/sageplot/sageplot-exosagevec1.pdf>]
<generated/sageplot/sageplot-sentence-multigraph.pdf, id=1651, 570.93298pt x 517.38504pt>
File: generated/sageplot/sageplot-sentence-multigraph.pdf Graphic file (type pdf)
<use generated/sageplot/sageplot-sentence-multigraph.pdf>
Package pdftex.def Info: generated/sageplot/sageplot-sentence-multigraph.pdf  used on input line 3580.
(pdftex.def)             Requested size: 173.19923pt x 156.95352pt.
<generated/sageplot/sageplot-polynomial-approximation.pdf, id=1652, 452.72893pt x 339.66899pt>
File: generated/sageplot/sageplot-polynomial-approximation.pdf Graphic file (type pdf)
<use generated/sageplot/sageplot-polynomial-approximation.pdf>
Package pdftex.def Info: generated/sageplot/sageplot-polynomial-approximation.pdf  used on input line 3586.
(pdftex.def)             Requested size: 173.19923pt x 129.94627pt.
<generated/sageplot/sageplot-implicit-surface.png, id=1653, 501.875pt x 501.875pt>
File: generated/sageplot/sageplot-implicit-surface.png Graphic file (type png)
<use generated/sageplot/sageplot-implicit-surface.png>
Package pdftex.def Info: generated/sageplot/sageplot-implicit-surface.png  used on input line 3599.
(pdftex.def)             Requested size: 345.08502pt x 345.09947pt.

************************************************
Subsection 10.8 Inkscape Images
************************************************


[66 <./generated/sageplot/sageplot-sentence-multigraph.pdf> <./generated/sageplot/sageplot-polynomial-approximation.pdf>]
<external/images/inkscape-stars-plain.pdf, id=1706, 597.50786pt x 845.04686pt>
File: external/images/inkscape-stars-plain.pdf Graphic file (type pdf)
<use external/images/inkscape-stars-plain.pdf>
Package pdftex.def Info: external/images/inkscape-stars-plain.pdf  used on input line 3615.
(pdftex.def)             Requested size: 108.25116pt x 153.09473pt.
<external/images/inkscape-stars-native.pdf, id=1707, 597.50786pt x 845.04686pt>
File: external/images/inkscape-stars-native.pdf Graphic file (type pdf)
<use external/images/inkscape-stars-native.pdf>
Package pdftex.def Info: external/images/inkscape-stars-native.pdf  used on input line 3618.
(pdftex.def)             Requested size: 108.25116pt x 153.09473pt.

************************************************
Subsection 10.9 Copies of Images
************************************************


[67 <./generated/sageplot/sageplot-implicit-surface.png (PNG copy)>]
<external/images/cross-square.png, id=1716, 401.5pt x 401.5pt>
File: external/images/cross-square.png Graphic file (type png)
<use external/images/cross-square.png>
Package pdftex.def Info: external/images/cross-square.png  used on input line 3634.
(pdftex.def)             Requested size: 129.7827pt x 129.7814pt.

************************************************
Subsection 10.10 Caption Testing
************************************************
File: external/images/cross-square.png Graphic file (type png)
<use external/images/cross-square.png>
Package pdftex.def Info: external/images/cross-square.png  used on input line 3650.
(pdftex.def)             Requested size: 86.7196pt x 86.71902pt.


[68 <./external/images/inkscape-stars-plain.pdf> <./external/images/inkscape-stars-native.pdf

pdfTeX warning: pdflatex (file ./external/images/inkscape-stars-native.pdf): PDF inclusion: multiple pdfs with page group included in a single page
> <./external/images/cross-square.png>]
************************************************
Subsection 10.11 Captionless Images
************************************************
File: external/images/cross-square.png Graphic file (type png)
<use external/images/cross-square.png>
Package pdftex.def Info: external/images/cross-square.png  used on input line 3669.
(pdftex.def)             Requested size: 43.60309pt x 43.6015pt.
File: external/images/cross-square.png Graphic file (type png)
<use external/images/cross-square.png>
Package pdftex.def Info: external/images/cross-square.png  used on input line 3673.
(pdftex.def)             Requested size: 43.60309pt x 43.6015pt.
File: external/images/cross-square.png Graphic file (type png)
<use external/images/cross-square.png>
Package pdftex.def Info: external/images/cross-square.png  used on input line 3677.
(pdftex.def)             Requested size: 43.60309pt x 43.6015pt.
File: external/images/cross-square.png Graphic file (type png)
<use external/images/cross-square.png>
Package pdftex.def Info: external/images/cross-square.png  used on input line 3680.
(pdftex.def)             Requested size: 43.60309pt x 43.6015pt.


[69]
File: external/images/cross-square.png Graphic file (type png)
<use external/images/cross-square.png>
Package pdftex.def Info: external/images/cross-square.png  used on input line 3684.
(pdftex.def)             Requested size: 43.60309pt x 43.6015pt.
File: external/images/cross-square.png Graphic file (type png)
<use external/images/cross-square.png>
Package pdftex.def Info: external/images/cross-square.png  used on input line 3687.
(pdftex.def)             Requested size: 43.60309pt x 43.6015pt.
PGFPlots: reading {external/data/hodgkin-huxley-data.dat}
<generated/asymptote/asymptote-lever-solo.pdf, id=1744, 200.75pt x 65.043pt>
File: generated/asymptote/asymptote-lever-solo.pdf Graphic file (type pdf)
<use generated/asymptote/asymptote-lever-solo.pdf>
Package pdftex.def Info: generated/asymptote/asymptote-lever-solo.pdf  used on input line 3788.
(pdftex.def)             Requested size: 430.60463pt x 139.53699pt.


[70]
<generated/sageplot/sageplot-parabola-solo.pdf, id=1750, 454.78679pt x 338.37308pt>
File: generated/sageplot/sageplot-parabola-solo.pdf Graphic file (type pdf)
<use generated/sageplot/sageplot-parabola-solo.pdf>
Package pdftex.def Info: generated/sageplot/sageplot-parabola-solo.pdf  used on input line 3792.
(pdftex.def)             Requested size: 129.60269pt x 96.42699pt.

************************************************
Subsection 10.12 Technical Details
************************************************

Overfull \hbox (146.23512pt too wide) in paragraph at lines 3806--3815
 [] 
 []

************************************************
Subsection 10.13 Accessibility
************************************************


[71 <./generated/asymptote/asymptote-lever-solo.pdf> <./generated/sageplot/sageplot-parabola-solo.pdf>]
Underfull \hbox (badness 3128) in paragraph at lines 3828--3829
[]\T1/lmr/m/n/10 (+20) No de-scrip-tion,
 []

File: external/images/cross-square.png Graphic file (type png)
<use external/images/cross-square.png>
Package pdftex.def Info: external/images/cross-square.png  used on input line 3831.
(pdftex.def)             Requested size: 86.59961pt x 86.5965pt.

Underfull \hbox (badness 3128) in paragraph at lines 3834--3835
[]\T1/lmr/m/n/10 (+20) No de-scrip-tion,
 []

File: external/images/cross-square.png Graphic file (type png)
<use external/images/cross-square.png>
Package pdftex.def Info: external/images/cross-square.png  used on input line 3837.
(pdftex.def)             Requested size: 86.59961pt x 86.5965pt.

Underfull \hbox (badness 3128) in paragraph at lines 3842--3843
[]\T1/lmr/m/n/10 (+20) No de-scrip-tion,
 []


Underfull \hbox (badness 10000) in paragraph at lines 3842--3843
\T1/lmr/m/n/10 (+20) empty short-de-
 []


Underfull \hbox (badness 10000) in paragraph at lines 3842--3843
\T1/lmr/m/n/10 (+20) scrip-tion, no
 []

File: external/images/cross-square.png Graphic file (type png)
<use external/images/cross-square.png>
Package pdftex.def Info: external/images/cross-square.png  used on input line 3845.
(pdftex.def)             Requested size: 86.59961pt x 86.5965pt.

Underfull \hbox (badness 3128) in paragraph at lines 3848--3849
[]\T1/lmr/m/n/10 (+20) No de-scrip-tion,
 []


Underfull \hbox (badness 5374) in paragraph at lines 3848--3849
\T1/lmr/m/n/10 (+20) tion, \T1/zi4/m/sl/10 @decorative
 []

File: external/images/cross-square.png Graphic file (type png)
<use external/images/cross-square.png>
Package pdftex.def Info: external/images/cross-square.png  used on input line 3851.
(pdftex.def)             Requested size: 86.59961pt x 86.5965pt.

Underfull \hbox (badness 3128) in paragraph at lines 3856--3857
[]\T1/lmr/m/n/10 (+20) No de-scrip-tion,
 []


Underfull \hbox (badness 10000) in paragraph at lines 3856--3857
\T1/lmr/m/n/10 (+20) too long short-
 []


Underfull \hbox (badness 10000) in paragraph at lines 3856--3857
\T1/lmr/m/n/10 (+20) de-scrip-tion, no
 []

File: external/images/cross-square.png Graphic file (type png)
<use external/images/cross-square.png>
Package pdftex.def Info: external/images/cross-square.png  used on input line 3859.
(pdftex.def)             Requested size: 86.59961pt x 86.5965pt.

Underfull \hbox (badness 10000) in paragraph at lines 3862--3863
[]\T1/lmr/m/n/10 (+20) No de-scrip-
 []


Underfull \hbox (badness 10000) in paragraph at lines 3862--3863
\T1/lmr/m/n/10 (+20) tion, too long
 []


Underfull \hbox (badness 10000) in paragraph at lines 3862--3863
\T1/lmr/m/n/10 (+20) short-de-scrip-tion,
 []

File: external/images/cross-square.png Graphic file (type png)
<use external/images/cross-square.png>
Package pdftex.def Info: external/images/cross-square.png  used on input line 3865.
(pdftex.def)             Requested size: 86.59961pt x 86.5965pt.

Underfull \hbox (badness 3128) in paragraph at lines 3870--3871
[]\T1/lmr/m/n/10 (+20) No de-scrip-tion,
 []


Underfull \hbox (badness 10000) in paragraph at lines 3870--3871
\T1/lmr/m/n/10 (+20) good short-de-
 []


Underfull \hbox (badness 10000) in paragraph at lines 3870--3871
\T1/lmr/m/n/10 (+20) scrip-tion, no
 []

File: external/images/cross-square.png Graphic file (type png)
<use external/images/cross-square.png>
Package pdftex.def Info: external/images/cross-square.png  used on input line 3873.
(pdftex.def)             Requested size: 86.59961pt x 86.5965pt.

Underfull \hbox (badness 3128) in paragraph at lines 3876--3877
[]\T1/lmr/m/n/10 (+20) No de-scrip-tion,
 []


Underfull \hbox (badness 4686) in paragraph at lines 3876--3877
\T1/lmr/m/n/10 (+20) good short-de-scrip-
 []


Underfull \hbox (badness 5374) in paragraph at lines 3876--3877
\T1/lmr/m/n/10 (+20) tion, \T1/zi4/m/sl/10 @decorative
 []

File: external/images/cross-square.png Graphic file (type png)
<use external/images/cross-square.png>
Package pdftex.def Info: external/images/cross-square.png  used on input line 3879.
(pdftex.def)             Requested size: 86.59961pt x 86.5965pt.
File: external/images/cross-square.png Graphic file (type png)
<use external/images/cross-square.png>
Package pdftex.def Info: external/images/cross-square.png  used on input line 3887.
(pdftex.def)             Requested size: 86.59961pt x 86.5965pt.

Underfull \hbox (badness 10000) in paragraph at lines 3890--3891
\T1/lmr/m/n/10 (+20) short-de-scrip-tion,
 []

File: external/images/cross-square.png Graphic file (type png)
<use external/images/cross-square.png>
Package pdftex.def Info: external/images/cross-square.png  used on input line 3893.
(pdftex.def)             Requested size: 86.59961pt x 86.5965pt.

Underfull \hbox (badness 10000) in paragraph at lines 3898--3899
[]\T1/lmr/m/n/10 (+20) Description,
 []


Underfull \hbox (badness 10000) in paragraph at lines 3898--3899
\T1/lmr/m/n/10 (+20) empty short-de-
 []


Underfull \hbox (badness 10000) in paragraph at lines 3898--3899
\T1/lmr/m/n/10 (+20) scrip-tion, no
 []

File: external/images/cross-square.png Graphic file (type png)
<use external/images/cross-square.png>
Package pdftex.def Info: external/images/cross-square.png  used on input line 3901.
(pdftex.def)             Requested size: 86.59961pt x 86.5965pt.

Underfull \hbox (badness 10000) in paragraph at lines 3904--3905
[]\T1/lmr/m/n/10 (+20) Description,
 []


Underfull \hbox (badness 5374) in paragraph at lines 3904--3905
\T1/lmr/m/n/10 (+20) tion, \T1/zi4/m/sl/10 @decorative
 []

File: external/images/cross-square.png Graphic file (type png)
<use external/images/cross-square.png>
Package pdftex.def Info: external/images/cross-square.png  used on input line 3907.
(pdftex.def)             Requested size: 86.59961pt x 86.5965pt.


[72]
Underfull \hbox (badness 10000) in paragraph at lines 3912--3913
[]\T1/lmr/m/n/10 (+20) Description,
 []


Underfull \hbox (badness 10000) in paragraph at lines 3912--3913
\T1/lmr/m/n/10 (+20) too long short-
 []


Underfull \hbox (badness 10000) in paragraph at lines 3912--3913
\T1/lmr/m/n/10 (+20) de-scrip-tion, no
 []

File: external/images/cross-square.png Graphic file (type png)
<use external/images/cross-square.png>
Package pdftex.def Info: external/images/cross-square.png  used on input line 3915.
(pdftex.def)             Requested size: 86.59961pt x 86.5965pt.

Underfull \hbox (badness 10000) in paragraph at lines 3918--3919
\T1/lmr/m/n/10 (+20) long short-de-scrip-
 []


Underfull \hbox (badness 5374) in paragraph at lines 3918--3919
\T1/lmr/m/n/10 (+20) tion, \T1/zi4/m/sl/10 @decorative
 []

File: external/images/cross-square.png Graphic file (type png)
<use external/images/cross-square.png>
Package pdftex.def Info: external/images/cross-square.png  used on input line 3921.
(pdftex.def)             Requested size: 86.59961pt x 86.5965pt.

Underfull \hbox (badness 10000) in paragraph at lines 3926--3927
[]\T1/lmr/m/n/10 (+20) Description,
 []


Underfull \hbox (badness 10000) in paragraph at lines 3926--3927
\T1/lmr/m/n/10 (+20) good short-de-
 []


Underfull \hbox (badness 10000) in paragraph at lines 3926--3927
\T1/lmr/m/n/10 (+20) scrip-tion, no
 []

File: external/images/cross-square.png Graphic file (type png)
<use external/images/cross-square.png>
Package pdftex.def Info: external/images/cross-square.png  used on input line 3929.
(pdftex.def)             Requested size: 86.59961pt x 86.5965pt.

Underfull \hbox (badness 10000) in paragraph at lines 3932--3933
[]\T1/lmr/m/n/10 (+20) Description,
 []


Underfull \hbox (badness 4686) in paragraph at lines 3932--3933
\T1/lmr/m/n/10 (+20) good short-de-scrip-
 []


Underfull \hbox (badness 5374) in paragraph at lines 3932--3933
\T1/lmr/m/n/10 (+20) tion, \T1/zi4/m/sl/10 @decorative
 []

File: external/images/cross-square.png Graphic file (type png)
<use external/images/cross-square.png>
Package pdftex.def Info: external/images/cross-square.png  used on input line 3935.
(pdftex.def)             Requested size: 86.59961pt x 86.5965pt.
************************************************
Section 13 Table Calisthenics
************************************************
\openout7 = `sample-article.listing'.

(./sample-article.listing)

[73]

[74]

[75]
Underfull \hbox (badness 10000) in paragraph at lines 4155--4155
[]|\T1/lmr/m/n/10 (+20) Jus mid
 []


Underfull \hbox (badness 10000) in paragraph at lines 4155--4155
\T1/lmr/m/n/10 (+20) par cel
 []


Underfull \hbox (badness 10000) in paragraph at lines 4155--4155
\T1/lmr/m/n/10 (+20) jus mid
 []


Underfull \hbox (badness 10000) in paragraph at lines 4193--4193
[]|\T1/lmr/m/n/10 (+20) Jus top
 []


Underfull \hbox (badness 10000) in paragraph at lines 4193--4193
\T1/lmr/m/n/10 (+20) par cel
 []


Underfull \hbox (badness 10000) in paragraph at lines 4193--4193
\T1/lmr/m/n/10 (+20) jus top
 []


Underfull \hbox (badness 10000) in paragraph at lines 4209--4209
[]|\T1/lmr/m/n/10 (+20) Jus bot
 []


Underfull \hbox (badness 10000) in paragraph at lines 4209--4209
\T1/lmr/m/n/10 (+20) par cel
 []


Underfull \hbox (badness 10000) in paragraph at lines 4209--4209
\T1/lmr/m/n/10 (+20) jus bot
 []



[76]

[77]

[78]

[79]

[80]
Overfull \vbox (158.74414pt too high) has occurred while \output is active []



[81]

[82]

[83]

Package tcolorbox Warning: The upper box part has become overfull on input line 4550.



[84] [85

]

[86]

[87]
************************************************
Section 14 Interactive Elements, Authored in Javascript
************************************************
************************************************
Subsection 14.1 HTML5 Canvas
************************************************


[88]
<external/preview/simple-eigenvector-preview.jpg, id=1967, 347.2975pt x 230.8625pt>
File: external/preview/simple-eigenvector-preview.jpg Graphic file (type jpg)
<use external/preview/simple-eigenvector-preview.jpg>
Package pdftex.def Info: external/preview/simple-eigenvector-preview.jpg  used on input line 4745.
(pdftex.def)             Requested size: 202.9847pt x 134.93599pt.
<generated/qrcode/interactive-simple-eigenvector.png, id=1968, 491.8375pt x 491.8375pt>
File: generated/qrcode/interactive-simple-eigenvector.png Graphic file (type png)
<use generated/qrcode/interactive-simple-eigenvector.png>
Package pdftex.def Info: generated/qrcode/interactive-simple-eigenvector.png  used on input line 4748.
(pdftex.def)             Requested size: 91.02986pt x 91.02603pt.
<external/preview/eigenvectors-preview.jpg, id=1973, 544.0325pt x 406.51875pt>
File: external/preview/eigenvectors-preview.jpg Graphic file (type jpg)
<use external/preview/eigenvectors-preview.jpg>
Package pdftex.def Info: external/preview/eigenvectors-preview.jpg  used on input line 4763.
(pdftex.def)             Requested size: 202.9847pt x 151.67497pt.
<generated/qrcode/interactive-eigenvectors.png, id=1974, 451.6875pt x 451.6875pt>
File: generated/qrcode/interactive-eigenvectors.png Graphic file (type png)
<use generated/qrcode/interactive-eigenvectors.png>
Package pdftex.def Info: generated/qrcode/interactive-eigenvectors.png  used on input line 4766.
(pdftex.def)             Requested size: 91.02986pt x 91.02512pt.
<external/preview/animation-preview.jpg, id=1979, 611.28375pt x 481.8pt>
File: external/preview/animation-preview.jpg Graphic file (type jpg)
<use external/preview/animation-preview.jpg>
Package pdftex.def Info: external/preview/animation-preview.jpg  used on input line 4778.
(pdftex.def)             Requested size: 202.9847pt x 159.98695pt.
<generated/qrcode/interactive-animation.png, id=1980, 451.6875pt x 451.6875pt>
File: generated/qrcode/interactive-animation.png Graphic file (type png)
<use generated/qrcode/interactive-animation.png>
Package pdftex.def Info: generated/qrcode/interactive-animation.png  used on input line 4781.
(pdftex.def)             Requested size: 91.02986pt x 91.02512pt.


[89 <./external/preview/simple-eigenvector-preview.jpg> <./generated/qrcode/interactive-simple-eigenvector.png> <./external/preview/eigenvectors-preview.jpg> <./generated/qrcode/interactive-eigenvectors.png>]
<generated/preview/interactive-simple-js-script-preview.png, id=2004, 606.265pt x 105.39375pt>
File: generated/preview/interactive-simple-js-script-preview.png Graphic file (type png)
<use generated/preview/interactive-simple-js-script-preview.png>
Package pdftex.def Info: generated/preview/interactive-simple-js-script-preview.png  used on input line 4809.
(pdftex.def)             Requested size: 202.9847pt x 35.2866pt.
<generated/qrcode/interactive-simple-js-script.png, id=2005, 451.6875pt x 451.6875pt>
File: generated/qrcode/interactive-simple-js-script.png Graphic file (type png)
<use generated/qrcode/interactive-simple-js-script.png>
Package pdftex.def Info: generated/qrcode/interactive-simple-js-script.png  used on input line 4812.
(pdftex.def)             Requested size: 91.02986pt x 91.02512pt.

************************************************
Subsection 14.2 D3.js
************************************************


[90 <./external/preview/animation-preview.jpg> <./generated/qrcode/interactive-animation.png>]
<external/preview/collision-preview.png, id=2023, 393.47pt x 273.02pt>
File: external/preview/collision-preview.png Graphic file (type png)
<use external/preview/collision-preview.png>
Package pdftex.def Info: external/preview/collision-preview.png  used on input line 4837.
(pdftex.def)             Requested size: 202.9847pt x 140.8464pt.
<generated/qrcode/interactive-d3-collision.png, id=2024, 451.6875pt x 451.6875pt>
File: generated/qrcode/interactive-d3-collision.png Graphic file (type png)
<use generated/qrcode/interactive-d3-collision.png>
Package pdftex.def Info: generated/qrcode/interactive-d3-collision.png  used on input line 4840.
(pdftex.def)             Requested size: 91.02986pt x 91.02512pt.
<external/preview/graph-layout-preview.png, id=2029, 296.10625pt x 277.035pt>
File: external/preview/graph-layout-preview.png Graphic file (type png)
<use external/preview/graph-layout-preview.png>
Package pdftex.def Info: external/preview/graph-layout-preview.png  used on input line 4859.
(pdftex.def)             Requested size: 202.9847pt x 189.91577pt.
<generated/qrcode/interactive-d3-graph-layout.png, id=2030, 451.6875pt x 451.6875pt>
File: generated/qrcode/interactive-d3-graph-layout.png Graphic file (type png)
<use generated/qrcode/interactive-d3-graph-layout.png>
Package pdftex.def Info: generated/qrcode/interactive-d3-graph-layout.png  used on input line 4862.
(pdftex.def)             Requested size: 91.02986pt x 91.02512pt.


[91 <./generated/preview/interactive-simple-js-script-preview.png> <./generated/qrcode/interactive-simple-js-script.png> <./external/preview/collision-preview.png> <./generated/qrcode/interactive-d3-collision.png>]

[92 <./external/preview/graph-layout-preview.png> <./generated/qrcode/interactive-d3-graph-layout.png>]
<external/preview/welsh-assembly-preview.png, id=2061, 613.29124pt x 379.4175pt>
File: external/preview/welsh-assembly-preview.png Graphic file (type png)
<use external/preview/welsh-assembly-preview.png>
Package pdftex.def Info: external/preview/welsh-assembly-preview.png  used on input line 4896.
(pdftex.def)             Requested size: 202.9847pt x 125.57867pt.
<generated/qrcode/interactive-d3-welsh.png, id=2062, 451.6875pt x 451.6875pt>
File: generated/qrcode/interactive-d3-welsh.png Graphic file (type png)
<use generated/qrcode/interactive-d3-welsh.png>
Package pdftex.def Info: generated/qrcode/interactive-d3-welsh.png  used on input line 4899.
(pdftex.def)             Requested size: 91.02986pt x 91.02512pt.

************************************************
Subsection 14.3 SVG
************************************************
<generated/preview/interactive-slopes-preview.png, id=2067, 606.265pt x 808.01875pt>
File: generated/preview/interactive-slopes-preview.png Graphic file (type png)
<use generated/preview/interactive-slopes-preview.png>
Package pdftex.def Info: generated/preview/interactive-slopes-preview.png  used on input line 4925.
(pdftex.def)             Requested size: 202.9847pt x 270.53076pt.
<generated/qrcode/interactive-slopes.png, id=2068, 451.6875pt x 451.6875pt>
File: generated/qrcode/interactive-slopes.png Graphic file (type png)
<use generated/qrcode/interactive-slopes.png>
Package pdftex.def Info: generated/qrcode/interactive-slopes.png  used on input line 4928.
(pdftex.def)             Requested size: 91.02986pt x 91.02512pt.


[93 <./external/preview/welsh-assembly-preview.png> <./generated/qrcode/interactive-d3-welsh.png>]
************************************************
Subsection 14.4 JSXGraph
************************************************
<external/images/kinematics.png, id=2086, 308.65312pt x 512.66531pt>
File: external/images/kinematics.png Graphic file (type png)
<use external/images/kinematics.png>
Package pdftex.def Info: external/images/kinematics.png  used on input line 4957.
(pdftex.def)             Requested size: 258.96541pt x 430.16655pt.


[94 <./generated/preview/interactive-slopes-preview.png> <./generated/qrcode/interactive-slopes.png>]
<generated/preview/interactive-archimedian-spiral-preview.png, id=2098, 485.815pt x 366.36874pt>
File: generated/preview/interactive-archimedian-spiral-preview.png Graphic file (type png)
<use generated/preview/interactive-archimedian-spiral-preview.png>
Package pdftex.def Info: generated/preview/interactive-archimedian-spiral-preview.png  used on input line 4966.
(pdftex.def)             Requested size: 202.9847pt x 153.0744pt.
<generated/qrcode/interactive-archimedian-spiral.png, id=2099, 491.8375pt x 491.8375pt>
File: generated/qrcode/interactive-archimedian-spiral.png Graphic file (type png)
<use generated/qrcode/interactive-archimedian-spiral.png>
Package pdftex.def Info: generated/qrcode/interactive-archimedian-spiral.png  used on input line 4969.
(pdftex.def)             Requested size: 91.02986pt x 91.02603pt.


[95 <./external/images/kinematics.png>]
<generated/preview/interactive-infinity-preview.png, id=2111, 365.365pt x 366.36874pt>
File: generated/preview/interactive-infinity-preview.png Graphic file (type png)
<use generated/preview/interactive-infinity-preview.png>
Package pdftex.def Info: generated/preview/interactive-infinity-preview.png  used on input line 4983.
(pdftex.def)             Requested size: 202.9847pt x 203.5439pt.
<generated/qrcode/interactive-infinity.png, id=2112, 451.6875pt x 451.6875pt>
File: generated/qrcode/interactive-infinity.png Graphic file (type png)
<use generated/qrcode/interactive-infinity.png>
Package pdftex.def Info: generated/qrcode/interactive-infinity.png  used on input line 4986.
(pdftex.def)             Requested size: 91.02986pt x 91.02512pt.
<generated/preview/interactive-piecewise-preview.png, id=2118, 606.265pt x 245.91875pt>
File: generated/preview/interactive-piecewise-preview.png Graphic file (type png)
<use generated/preview/interactive-piecewise-preview.png>
Package pdftex.def Info: generated/preview/interactive-piecewise-preview.png  used on input line 5002.
(pdftex.def)             Requested size: 202.9847pt x 82.33543pt.
<generated/qrcode/interactive-piecewise.png, id=2119, 451.6875pt x 451.6875pt>
File: generated/qrcode/interactive-piecewise.png Graphic file (type png)
<use generated/qrcode/interactive-piecewise.png>
Package pdftex.def Info: generated/qrcode/interactive-piecewise.png  used on input line 5005.
(pdftex.def)             Requested size: 91.02986pt x 91.02512pt.


[96 <./generated/preview/interactive-archimedian-spiral-preview.png> <./generated/qrcode/interactive-archimedian-spiral.png> <./generated/preview/interactive-infinity-preview.png> <./generated/qrcode/interactive-infinity.png>]
************************************************
Subsection 14.5 JessieCode
************************************************
<generated/preview/interactive-quadratic-tangent-preview.png, id=2139, 485.815pt x 486.81876pt>
File: generated/preview/interactive-quadratic-tangent-preview.png Graphic file (type png)
<use generated/preview/interactive-quadratic-tangent-preview.png>
Package pdftex.def Info: generated/preview/interactive-quadratic-tangent-preview.png  used on input line 5031.
(pdftex.def)             Requested size: 202.9847pt x 203.40024pt.
<generated/qrcode/interactive-quadratic-tangent.png, id=2140, 491.8375pt x 491.8375pt>
File: generated/qrcode/interactive-quadratic-tangent.png Graphic file (type png)
<use generated/qrcode/interactive-quadratic-tangent.png>
Package pdftex.def Info: generated/qrcode/interactive-quadratic-tangent.png  used on input line 5034.
(pdftex.def)             Requested size: 91.02986pt x 91.02603pt.


[97 <./generated/preview/interactive-piecewise-preview.png> <./generated/qrcode/interactive-piecewise.png>]
<generated/preview/interactive-oscillating-secant-preview.png, id=2152, 546.04pt x 547.04375pt>
File: generated/preview/interactive-oscillating-secant-preview.png Graphic file (type png)
<use generated/preview/interactive-oscillating-secant-preview.png>
Package pdftex.def Info: generated/preview/interactive-oscillating-secant-preview.png  used on input line 5046.
(pdftex.def)             Requested size: 202.9847pt x 203.3546pt.
<generated/qrcode/interactive-oscillating-secant.png, id=2153, 491.8375pt x 491.8375pt>
File: generated/qrcode/interactive-oscillating-secant.png Graphic file (type png)
<use generated/qrcode/interactive-oscillating-secant.png>
Package pdftex.def Info: generated/qrcode/interactive-oscillating-secant.png  used on input line 5049.
(pdftex.def)             Requested size: 91.02986pt x 91.02603pt.

************************************************
Subsection 14.6 Sage Interacts
************************************************


[98 <./generated/preview/interactive-quadratic-tangent-preview.png> <./generated/qrcode/interactive-quadratic-tangent.png> <./generated/preview/interactive-oscillating-secant-preview.png> <./generated/qrcode/interactive-oscillating-secant.png>]
<generated/preview/interactive-numerical-integral-preview.png, id=2172, 606.265pt x 757.83125pt>
File: generated/preview/interactive-numerical-integral-preview.png Graphic file (type png)
<use generated/preview/interactive-numerical-integral-preview.png>
Package pdftex.def Info: generated/preview/interactive-numerical-integral-preview.png  used on input line 5082.
(pdftex.def)             Requested size: 202.9847pt x 253.7276pt.
<generated/qrcode/interactive-numerical-integral.png, id=2173, 491.8375pt x 491.8375pt>
File: generated/qrcode/interactive-numerical-integral.png Graphic file (type png)
<use generated/qrcode/interactive-numerical-integral.png>
Package pdftex.def Info: generated/qrcode/interactive-numerical-integral.png  used on input line 5085.
(pdftex.def)             Requested size: 91.02986pt x 91.02603pt.

************************************************
Subsection 14.7 Geogebra
************************************************


[99 <./generated/preview/interactive-numerical-integral-preview.png> <./generated/qrcode/interactive-numerical-integral.png>]
<generated/preview/geogebra-train-distance-preview.png, id=2192, 455.7025pt x 230.8625pt>
File: generated/preview/geogebra-train-distance-preview.png Graphic file (type png)
<use generated/preview/geogebra-train-distance-preview.png>
Package pdftex.def Info: generated/preview/geogebra-train-distance-preview.png  used on input line 5118.
(pdftex.def)             Requested size: 202.9847pt x 102.83388pt.
<generated/qrcode/geogebra-train-distance.png, id=2193, 451.6875pt x 451.6875pt>
File: generated/qrcode/geogebra-train-distance.png Graphic file (type png)
<use generated/qrcode/geogebra-train-distance.png>
Package pdftex.def Info: generated/qrcode/geogebra-train-distance.png  used on input line 5121.
(pdftex.def)             Requested size: 91.02986pt x 91.02512pt.
<generated/preview/geogebra-astroid-original-preview.png, id=2196, 606.265pt x 456.70625pt>
File: generated/preview/geogebra-astroid-original-preview.png Graphic file (type png)
<use generated/preview/geogebra-astroid-original-preview.png>
Package pdftex.def Info: generated/preview/geogebra-astroid-original-preview.png  used on input line 5133.
(pdftex.def)             Requested size: 202.9847pt x 152.90868pt.
<generated/qrcode/geogebra-astroid-original.png, id=2197, 451.6875pt x 451.6875pt>
File: generated/qrcode/geogebra-astroid-original.png Graphic file (type png)
<use generated/qrcode/geogebra-astroid-original.png>
Package pdftex.def Info: generated/qrcode/geogebra-astroid-original.png  used on input line 5136.
(pdftex.def)             Requested size: 91.02986pt x 91.02512pt.


[100 <./generated/preview/geogebra-train-distance-preview.png> <./generated/qrcode/geogebra-train-distance.png>]
<generated/preview/geogebra-astroid-preview.png, id=2216, 606.265pt x 456.70625pt>
File: generated/preview/geogebra-astroid-preview.png Graphic file (type png)
<use generated/preview/geogebra-astroid-preview.png>
Package pdftex.def Info: generated/preview/geogebra-astroid-preview.png  used on input line 5148.
(pdftex.def)             Requested size: 202.9847pt x 152.90868pt.
<generated/qrcode/geogebra-astroid.png, id=2217, 411.5375pt x 411.5375pt>
File: generated/qrcode/geogebra-astroid.png Graphic file (type png)
<use generated/qrcode/geogebra-astroid.png>
Package pdftex.def Info: generated/qrcode/geogebra-astroid.png  used on input line 5151.
(pdftex.def)             Requested size: 91.02986pt x 91.02834pt.
<generated/preview/geogebra-cycloid-preview.png, id=2220, 606.265pt x 306.14375pt>
File: generated/preview/geogebra-cycloid-preview.png Graphic file (type png)
<use generated/preview/geogebra-cycloid-preview.png>
Package pdftex.def Info: generated/preview/geogebra-cycloid-preview.png  used on input line 5162.
(pdftex.def)             Requested size: 202.9847pt x 102.49922pt.
<generated/qrcode/geogebra-cycloid.png, id=2221, 411.5375pt x 411.5375pt>
File: generated/qrcode/geogebra-cycloid.png Graphic file (type png)
<use generated/qrcode/geogebra-cycloid.png>
Package pdftex.def Info: generated/qrcode/geogebra-cycloid.png  used on input line 5165.
(pdftex.def)             Requested size: 91.02986pt x 91.02834pt.
<generated/preview/geogebra-SAS-preview.png, id=2224, 606.265pt x 607.26875pt>
File: generated/preview/geogebra-SAS-preview.png Graphic file (type png)
<use generated/preview/geogebra-SAS-preview.png>
Package pdftex.def Info: generated/preview/geogebra-SAS-preview.png  used on input line 5177.
(pdftex.def)             Requested size: 202.9847pt x 203.31815pt.
<generated/qrcode/geogebra-SAS.png, id=2225, 411.5375pt x 411.5375pt>
File: generated/qrcode/geogebra-SAS.png Graphic file (type png)
<use generated/qrcode/geogebra-SAS.png>
Package pdftex.def Info: generated/qrcode/geogebra-SAS.png  used on input line 5180.
(pdftex.def)             Requested size: 91.02986pt x 91.02834pt.


[101 <./generated/preview/geogebra-astroid-original-preview.png> <./generated/qrcode/geogebra-astroid-original.png> <./generated/preview/geogebra-astroid-preview.png> <./generated/qrcode/geogebra-astroid.png> <./generated/preview/geogebra-cycloid-preview.png> <./generated/qrcode/geogebra-cycloid.png>]
<generated/preview/ggb_3d-direction-vector_interactive-preview.png, id=2247, 606.265pt x 486.81876pt>
File: generated/preview/ggb_3d-direction-vector_interactive-preview.png Graphic file (type png)
<use generated/preview/ggb_3d-direction-vector_interactive-preview.png>
Package pdftex.def Info: generated/preview/ggb_3d-direction-vector_interactive-preview.png  used on input line 5198.
(pdftex.def)             Requested size: 202.9847pt x 162.99059pt.
<generated/qrcode/ggb_3d-direction-vector_interactive.png, id=2248, 491.8375pt x 491.8375pt>
File: generated/qrcode/ggb_3d-direction-vector_interactive.png Graphic file (type png)
<use generated/qrcode/ggb_3d-direction-vector_interactive.png>
Package pdftex.def Info: generated/qrcode/ggb_3d-direction-vector_interactive.png  used on input line 5201.
(pdftex.def)             Requested size: 91.02986pt x 91.02603pt.


[102 <./generated/preview/geogebra-SAS-preview.png> <./generated/qrcode/geogebra-SAS.png>]
<generated/preview/geogebra-seed-head-preview.png, id=2260, 305.14pt x 306.14375pt>
File: generated/preview/geogebra-seed-head-preview.png Graphic file (type png)
<use generated/preview/geogebra-seed-head-preview.png>
Package pdftex.def Info: generated/preview/geogebra-seed-head-preview.png  used on input line 5213.
(pdftex.def)             Requested size: 202.9847pt x 203.65776pt.
<generated/qrcode/geogebra-seed-head.png, id=2261, 451.6875pt x 451.6875pt>
File: generated/qrcode/geogebra-seed-head.png Graphic file (type png)
<use generated/qrcode/geogebra-seed-head.png>
Package pdftex.def Info: generated/qrcode/geogebra-seed-head.png  used on input line 5216.
(pdftex.def)             Requested size: 91.02986pt x 91.02512pt.

************************************************
Subsection 14.8 CircuitJS
************************************************
<generated/preview/interactive-circuitjs-attribute-preview.png, id=2265, 546.04pt x 411.5375pt>
File: generated/preview/interactive-circuitjs-attribute-preview.png Graphic file (type png)
<use generated/preview/interactive-circuitjs-attribute-preview.png>
Package pdftex.def Info: generated/preview/interactive-circuitjs-attribute-preview.png  used on input line 5236.
(pdftex.def)             Requested size: 202.9847pt x 152.98236pt.
<generated/qrcode/interactive-circuitjs-attribute.png, id=2266, 491.8375pt x 491.8375pt>
File: generated/qrcode/interactive-circuitjs-attribute.png Graphic file (type png)
<use generated/qrcode/interactive-circuitjs-attribute.png>
Package pdftex.def Info: generated/qrcode/interactive-circuitjs-attribute.png  used on input line 5239.
(pdftex.def)             Requested size: 91.02986pt x 91.02603pt.


[103 <./generated/preview/ggb_3d-direction-vector_interactive-preview.png> <./generated/qrcode/ggb_3d-direction-vector_interactive.png> <./generated/preview/geogebra-seed-head-preview.png> <./generated/qrcode/geogebra-seed-head.png>]
<generated/preview/interactive-circuitjs-preview.png, id=2283, 546.04pt x 547.04375pt>
File: generated/preview/interactive-circuitjs-preview.png Graphic file (type png)
<use generated/preview/interactive-circuitjs-preview.png>
Package pdftex.def Info: generated/preview/interactive-circuitjs-preview.png  used on input line 5248.
(pdftex.def)             Requested size: 202.9847pt x 203.3546pt.
<generated/qrcode/interactive-circuitjs.png, id=2284, 451.6875pt x 451.6875pt>
File: generated/qrcode/interactive-circuitjs.png Graphic file (type png)
<use generated/qrcode/interactive-circuitjs.png>
Package pdftex.def Info: generated/qrcode/interactive-circuitjs.png  used on input line 5251.
(pdftex.def)             Requested size: 91.02986pt x 91.02512pt.

************************************************
Subsection 14.9 IFrames from Files
************************************************


[104 <./generated/preview/interactive-circuitjs-attribute-preview.png> <./generated/qrcode/interactive-circuitjs-attribute.png> <./generated/preview/interactive-circuitjs-preview.png> <./generated/qrcode/interactive-circuitjs.png>]
<generated/preview/interactive-sage-jupyter-iframe-preview.png, id=2303, 576.1525pt x 577.15625pt>
File: generated/preview/interactive-sage-jupyter-iframe-preview.png Graphic file (type png)
<use generated/preview/interactive-sage-jupyter-iframe-preview.png>
Package pdftex.def Info: generated/preview/interactive-sage-jupyter-iframe-preview.png  used on input line 5278.
(pdftex.def)             Requested size: 202.9847pt x 203.33751pt.
<generated/qrcode/interactive-sage-jupyter-iframe.png, id=2304, 491.8375pt x 491.8375pt>
File: generated/qrcode/interactive-sage-jupyter-iframe.png Graphic file (type png)
<use generated/qrcode/interactive-sage-jupyter-iframe.png>
Package pdftex.def Info: generated/qrcode/interactive-sage-jupyter-iframe.png  used on input line 5281.
(pdftex.def)             Requested size: 91.02986pt x 91.02603pt.

************************************************
Subsection 14.10 threejs
************************************************


[105 <./generated/preview/interactive-sage-jupyter-iframe-preview.png> <./generated/qrcode/interactive-sage-jupyter-iframe.png>]
<generated/preview/interactive-threejs-catenoid-surface-preview.png, id=2325, 455.7025pt x 230.8625pt>
File: generated/preview/interactive-threejs-catenoid-surface-preview.png Graphic file (type png)
<use generated/preview/interactive-threejs-catenoid-surface-preview.png>
Package pdftex.def Info: generated/preview/interactive-threejs-catenoid-surface-preview.png  used on input line 5326.
(pdftex.def)             Requested size: 202.9847pt x 102.83388pt.
<generated/qrcode/interactive-threejs-catenoid-surface.png, id=2326, 491.8375pt x 491.8375pt>
File: generated/qrcode/interactive-threejs-catenoid-surface.png Graphic file (type png)
<use generated/qrcode/interactive-threejs-catenoid-surface.png>
Package pdftex.def Info: generated/qrcode/interactive-threejs-catenoid-surface.png  used on input line 5329.
(pdftex.def)             Requested size: 91.02986pt x 91.02603pt.
<generated/preview/interactive-threejs-saddle-preview.png, id=2329, 515.9275pt x 516.93124pt>
File: generated/preview/interactive-threejs-saddle-preview.png Graphic file (type png)
<use generated/preview/interactive-threejs-saddle-preview.png>
Package pdftex.def Info: generated/preview/interactive-threejs-saddle-preview.png  used on input line 5341.
(pdftex.def)             Requested size: 202.9847pt x 203.3771pt.
<generated/qrcode/interactive-threejs-saddle.png, id=2330, 451.6875pt x 451.6875pt>
File: generated/qrcode/interactive-threejs-saddle.png Graphic file (type png)
<use generated/qrcode/interactive-threejs-saddle.png>
Package pdftex.def Info: generated/qrcode/interactive-threejs-saddle.png  used on input line 5344.
(pdftex.def)             Requested size: 91.02986pt x 91.02512pt.

************************************************
Subsection 14.11 DoenetML
************************************************


[106 <./generated/preview/interactive-threejs-catenoid-surface-preview.png> <./generated/qrcode/interactive-threejs-catenoid-surface.png>]
Overfull \hbox (29.51186pt too wide) in paragraph at lines 5360--5361
\T1/lmr/m/n/10 (-20) mat-ics ap-plets for the web. Use \T1/zi4/m/sl/10 interactive[@platform="doenetml"] \T1/lmr/m/n/10 (-20) with a \T1/zi4/m/sl/10 slate[@surface="doenetml"]
 []

<generated/preview/interactive-doenetml-example-preview.png, id=2350, 606.265pt x 406.51875pt>
File: generated/preview/interactive-doenetml-example-preview.png Graphic file (type png)
<use generated/preview/interactive-doenetml-example-preview.png>
Package pdftex.def Info: generated/preview/interactive-doenetml-example-preview.png  used on input line 5366.
(pdftex.def)             Requested size: 202.9847pt x 136.10553pt.
<generated/qrcode/interactive-doenetml-example.png, id=2351, 451.6875pt x 451.6875pt>
File: generated/qrcode/interactive-doenetml-example.png Graphic file (type png)
<use generated/qrcode/interactive-doenetml-example.png>
Package pdftex.def Info: generated/qrcode/interactive-doenetml-example.png  used on input line 5369.
(pdftex.def)             Requested size: 91.02986pt x 91.02512pt.
************************************************
Section 15 Interactive Elements, Server
************************************************


[107 <./generated/preview/interactive-threejs-saddle-preview.png> <./generated/qrcode/interactive-threejs-saddle.png> <./generated/preview/interactive-doenetml-example-preview.png> <./generated/qrcode/interactive-doenetml-example.png>]
************************************************
Subsection 15.1 GeoGebra
************************************************
<generated/preview/geogebra-right-triangle-preview.png, id=2373, 425.59pt x 238.8925pt>
File: generated/preview/geogebra-right-triangle-preview.png Graphic file (type png)
<use generated/preview/geogebra-right-triangle-preview.png>
Package pdftex.def Info: generated/preview/geogebra-right-triangle-preview.png  used on input line 5420.
(pdftex.def)             Requested size: 202.9847pt x 113.9417pt.
<generated/qrcode/geogebra-right-triangle.png, id=2374, 451.6875pt x 451.6875pt>
File: generated/qrcode/geogebra-right-triangle.png Graphic file (type png)
<use generated/qrcode/geogebra-right-triangle.png>
Package pdftex.def Info: generated/qrcode/geogebra-right-triangle.png  used on input line 5423.
(pdftex.def)             Requested size: 91.02986pt x 91.02512pt.


[108 <./generated/preview/geogebra-right-triangle-preview.png> <./generated/qrcode/geogebra-right-triangle.png>]
************************************************
Subsection 15.2 Desmos Graphs
************************************************
<generated/preview/desmos-natural-log-preview.png, id=2385, 365.365pt x 547.04375pt>
File: generated/preview/desmos-natural-log-preview.png Graphic file (type png)
<use generated/preview/desmos-natural-log-preview.png>
Package pdftex.def Info: generated/preview/desmos-natural-log-preview.png  used on input line 5462.
(pdftex.def)             Requested size: 202.9847pt x 303.9217pt.
<generated/qrcode/desmos-natural-log.png, id=2386, 451.6875pt x 451.6875pt>
File: generated/qrcode/desmos-natural-log.png Graphic file (type png)
<use generated/qrcode/desmos-natural-log.png>
Package pdftex.def Info: generated/qrcode/desmos-natural-log.png  used on input line 5465.
(pdftex.def)             Requested size: 91.02986pt x 91.02512pt.


[109]
************************************************
Subsection 15.3 CalcPlot3D
************************************************


[110 <./generated/preview/desmos-natural-log-preview.png> <./generated/qrcode/desmos-natural-log.png>]
<generated/preview/calcplot3d-intersection-planes-preview.png, id=2409, 485.815pt x 486.81876pt>
File: generated/preview/calcplot3d-intersection-planes-preview.png Graphic file (type png)
<use generated/preview/calcplot3d-intersection-planes-preview.png>
Package pdftex.def Info: generated/preview/calcplot3d-intersection-planes-preview.png  used on input line 5491.
(pdftex.def)             Requested size: 202.9847pt x 203.40024pt.
<generated/qrcode/calcplot3d-intersection-planes.png, id=2410, 491.8375pt x 491.8375pt>
File: generated/qrcode/calcplot3d-intersection-planes.png Graphic file (type png)
<use generated/qrcode/calcplot3d-intersection-planes.png>
Package pdftex.def Info: generated/qrcode/calcplot3d-intersection-planes.png  used on input line 5494.
(pdftex.def)             Requested size: 91.02986pt x 91.02603pt.
<generated/preview/calcplot3d-probability-wavefunction-preview.png, id=2412, 576.1525pt x 386.44376pt>
File: generated/preview/calcplot3d-probability-wavefunction-preview.png Graphic file (type png)
<use generated/preview/calcplot3d-probability-wavefunction-preview.png>
Package pdftex.def Info: generated/preview/calcplot3d-probability-wavefunction-preview.png  used on input line 5503.
(pdftex.def)             Requested size: 202.9847pt x 136.14774pt.
<generated/qrcode/calcplot3d-probability-wavefunction.png, id=2413, 491.8375pt x 491.8375pt>
File: generated/qrcode/calcplot3d-probability-wavefunction.png Graphic file (type png)
<use generated/qrcode/calcplot3d-probability-wavefunction.png>
Package pdftex.def Info: generated/qrcode/calcplot3d-probability-wavefunction.png  used on input line 5506.
(pdftex.def)             Requested size: 91.02986pt x 91.02603pt.
<generated/preview/calcplot3d-full-application-preview.png, id=2415, 576.1525pt x 386.44376pt>
File: generated/preview/calcplot3d-full-application-preview.png Graphic file (type png)
<use generated/preview/calcplot3d-full-application-preview.png>
Package pdftex.def Info: generated/preview/calcplot3d-full-application-preview.png  used on input line 5515.
(pdftex.def)             Requested size: 202.9847pt x 136.14774pt.
<generated/qrcode/calcplot3d-full-application.png, id=2416, 451.6875pt x 451.6875pt>
File: generated/qrcode/calcplot3d-full-application.png Graphic file (type png)
<use generated/qrcode/calcplot3d-full-application.png>
Package pdftex.def Info: generated/qrcode/calcplot3d-full-application.png  used on input line 5518.
(pdftex.def)             Requested size: 91.02986pt x 91.02512pt.

************************************************
Subsection 15.4 IFrames from Servers
************************************************


[111 <./generated/preview/calcplot3d-intersection-planes-preview.png> <./generated/qrcode/calcplot3d-intersection-planes.png> <./generated/preview/calcplot3d-probability-wavefunction-preview.png> <./generated/qrcode/calcplot3d-probability-wavefunction.png>]
<external/preview/phet-fourier-preview.png, id=2436, 1395.2125pt x 871.255pt>
File: external/preview/phet-fourier-preview.png Graphic file (type png)
<use external/preview/phet-fourier-preview.png>
Package pdftex.def Info: external/preview/phet-fourier-preview.png  used on input line 5538.
(pdftex.def)             Requested size: 202.9847pt x 126.7475pt.
<generated/qrcode/interactive-phet-fourier.png, id=2437, 451.6875pt x 451.6875pt>
File: generated/qrcode/interactive-phet-fourier.png Graphic file (type png)
<use generated/qrcode/interactive-phet-fourier.png>
Package pdftex.def Info: generated/qrcode/interactive-phet-fourier.png  used on input line 5541.
(pdftex.def)             Requested size: 91.02986pt x 91.02512pt.
<generated/preview/interactive-map-california-preview.png, id=2439, 576.1525pt x 386.44376pt>
File: generated/preview/interactive-map-california-preview.png Graphic file (type png)
<use generated/preview/interactive-map-california-preview.png>
Package pdftex.def Info: generated/preview/interactive-map-california-preview.png  used on input line 5551.
(pdftex.def)             Requested size: 202.9847pt x 136.14774pt.
<generated/qrcode/interactive-map-california.png, id=2440, 451.6875pt x 451.6875pt>
File: generated/qrcode/interactive-map-california.png Graphic file (type png)
<use generated/qrcode/interactive-map-california.png>
Package pdftex.def Info: generated/qrcode/interactive-map-california.png  used on input line 5554.
(pdftex.def)             Requested size: 91.02986pt x 91.02512pt.

************************************************
Section 16 Interactive Exercises
************************************************


[112 <./generated/preview/calcplot3d-full-application-preview.png> <./generated/qrcode/calcplot3d-full-application.png> <./external/preview/phet-fourier-preview.png> <./generated/qrcode/interactive-phet-fourier.png>]
************************************************
Subsection 16.9 Faux Subsection
************************************************
************************************************
Section 17 Dynamic Exercises
************************************************
************************************************
Section 18 Interactive Coding
************************************************
************************************************
Subsection 18.4 YouTube
************************************************
<external/yt-list-variables.png, id=2456, 1355.0625pt x 868.24374pt>
File: external/yt-list-variables.png Graphic file (type png)
<use external/yt-list-variables.png>
Package pdftex.def Info: external/yt-list-variables.png  used on input line 5613.
(pdftex.def)             Requested size: 202.7027pt x 129.87323pt.
<generated/qrcode/yt-list-vars.png, id=2457, 331.2375pt x 331.2375pt>
File: generated/qrcode/yt-list-vars.png Graphic file (type png)
<use generated/qrcode/yt-list-vars.png>
Package pdftex.def Info: generated/qrcode/yt-list-vars.png  used on input line 5616.
(pdftex.def)             Requested size: 90.90385pt x 90.90105pt.
************************************************
Section 19 Audio
************************************************


[113 <./generated/preview/interactive-map-california-preview.png> <./generated/qrcode/interactive-map-california.png>]
<generated/qrcode/audio-piano-trill.png, id=2469, 451.6875pt x 451.6875pt>
File: generated/qrcode/audio-piano-trill.png Graphic file (type png)
<use generated/qrcode/audio-piano-trill.png>
Package pdftex.def Info: generated/qrcode/audio-piano-trill.png  used on input line 5640.
(pdftex.def)             Requested size: 91.02986pt x 91.02512pt.
<generated/qrcode/audio-piano-trill-two.png, id=2471, 451.6875pt x 451.6875pt>
File: generated/qrcode/audio-piano-trill-two.png Graphic file (type png)
<use generated/qrcode/audio-piano-trill-two.png>
Package pdftex.def Info: generated/qrcode/audio-piano-trill-two.png  used on input line 5652.
(pdftex.def)             Requested size: 90.90385pt x 90.90105pt.

************************************************
Section 20 Video
************************************************


[114 <./external/yt-list-variables.png> <./generated/qrcode/yt-list-vars.png> <./generated/qrcode/audio-piano-trill.png> <./generated/qrcode/audio-piano-trill-two.png>]
************************************************
Subsection 20.1 Video Files
************************************************
<external/preview/ups-promo-frame-one.jpg, id=2492, 843.15pt x 471.7625pt>
File: external/preview/ups-promo-frame-one.jpg Graphic file (type jpg)
<use external/preview/ups-promo-frame-one.jpg>
Package pdftex.def Info: external/preview/ups-promo-frame-one.jpg  used on input line 5684.
(pdftex.def)             Requested size: 202.9847pt x 113.57083pt.
<generated/qrcode/ups-promo-frame-one.png, id=2493, 451.6875pt x 451.6875pt>
File: generated/qrcode/ups-promo-frame-one.png Graphic file (type png)
<use generated/qrcode/ups-promo-frame-one.png>
Package pdftex.def Info: generated/qrcode/ups-promo-frame-one.png  used on input line 5687.
(pdftex.def)             Requested size: 91.02986pt x 91.02512pt.
<external/preview/ups-promo-preview.jpg, id=2496, 843.15pt x 418.56375pt>
File: external/preview/ups-promo-preview.jpg Graphic file (type jpg)
<use external/preview/ups-promo-preview.jpg>
Package pdftex.def Info: external/preview/ups-promo-preview.jpg  used on input line 5697.
(pdftex.def)             Requested size: 202.9847pt x 100.7639pt.
<generated/qrcode/ups-promo-preview.png, id=2497, 451.6875pt x 451.6875pt>
File: generated/qrcode/ups-promo-preview.png Graphic file (type png)
<use generated/qrcode/ups-promo-preview.png>
Package pdftex.def Info: generated/qrcode/ups-promo-preview.png  used on input line 5700.
(pdftex.def)             Requested size: 91.02986pt x 91.02512pt.


[115 <./external/preview/ups-promo-frame-one.jpg> <./generated/qrcode/ups-promo-frame-one.png>]
<generated/play-button/play-button.png, id=2510, 28.45276pt x 20.15404pt>
File: generated/play-button/play-button.png Graphic file (type png)
<use generated/play-button/play-button.png>
Package pdftex.def Info: generated/play-button/play-button.png  used on input line 5710.
(pdftex.def)             Requested size: 202.9847pt x 143.85724pt.
<generated/qrcode/ups-promo-generic.png, id=2511, 451.6875pt x 451.6875pt>
File: generated/qrcode/ups-promo-generic.png Graphic file (type png)
<use generated/qrcode/ups-promo-generic.png>
Package pdftex.def Info: generated/qrcode/ups-promo-generic.png  used on input line 5713.
(pdftex.def)             Requested size: 91.02986pt x 91.02512pt.
<external/preview/big-buck-bunny-frame-one.jpg, id=2513, 840.13875pt x 470.75874pt>
File: external/preview/big-buck-bunny-frame-one.jpg Graphic file (type jpg)
<use external/preview/big-buck-bunny-frame-one.jpg>
Package pdftex.def Info: external/preview/big-buck-bunny-frame-one.jpg  used on input line 5723.
(pdftex.def)             Requested size: 202.9847pt x 113.73863pt.
<generated/qrcode/big-buck-bunny-frame-one.png, id=2514, 451.6875pt x 451.6875pt>
File: generated/qrcode/big-buck-bunny-frame-one.png Graphic file (type png)
<use generated/qrcode/big-buck-bunny-frame-one.png>
Package pdftex.def Info: generated/qrcode/big-buck-bunny-frame-one.png  used on input line 5726.
(pdftex.def)             Requested size: 91.02986pt x 91.02512pt.
File: external/preview/big-buck-bunny-frame-one.jpg Graphic file (type jpg)
<use external/preview/big-buck-bunny-frame-one.jpg>
Package pdftex.def Info: external/preview/big-buck-bunny-frame-one.jpg  used on input line 5736.
(pdftex.def)             Requested size: 202.9847pt x 113.73863pt.
<generated/qrcode/big-buck-bunny-margins.png, id=2517, 451.6875pt x 451.6875pt>
File: generated/qrcode/big-buck-bunny-margins.png Graphic file (type png)
<use generated/qrcode/big-buck-bunny-margins.png>
Package pdftex.def Info: generated/qrcode/big-buck-bunny-margins.png  used on input line 5739.
(pdftex.def)             Requested size: 91.02986pt x 91.02512pt.


[116 <./external/preview/ups-promo-preview.jpg> <./generated/qrcode/ups-promo-preview.png> <./generated/play-button/play-button.png> <./generated/qrcode/ups-promo-generic.png> <./external/preview/big-buck-bunny-frame-one.jpg> <./generated/qrcode/big-buck-bunny-frame-one.png>]
File: external/preview/big-buck-bunny-frame-one.jpg Graphic file (type jpg)
<use external/preview/big-buck-bunny-frame-one.jpg>
Package pdftex.def Info: external/preview/big-buck-bunny-frame-one.jpg  used on input line 5748.
(pdftex.def)             Requested size: 202.9847pt x 113.73863pt.
<generated/qrcode/big-buck-bunny-ogg.png, id=2539, 451.6875pt x 451.6875pt>
File: generated/qrcode/big-buck-bunny-ogg.png Graphic file (type png)
<use generated/qrcode/big-buck-bunny-ogg.png>
Package pdftex.def Info: generated/qrcode/big-buck-bunny-ogg.png  used on input line 5751.
(pdftex.def)             Requested size: 91.02986pt x 91.02512pt.
File: external/preview/big-buck-bunny-frame-one.jpg Graphic file (type jpg)
<use external/preview/big-buck-bunny-frame-one.jpg>
Package pdftex.def Info: external/preview/big-buck-bunny-frame-one.jpg  used on input line 5760.
(pdftex.def)             Requested size: 202.9847pt x 113.73863pt.
<generated/qrcode/big-buck-bunny-mp4.png, id=2541, 451.6875pt x 451.6875pt>
File: generated/qrcode/big-buck-bunny-mp4.png Graphic file (type png)
<use generated/qrcode/big-buck-bunny-mp4.png>
Package pdftex.def Info: generated/qrcode/big-buck-bunny-mp4.png  used on input line 5763.
(pdftex.def)             Requested size: 91.02986pt x 91.02512pt.
File: external/preview/big-buck-bunny-frame-one.jpg Graphic file (type jpg)
<use external/preview/big-buck-bunny-frame-one.jpg>
Package pdftex.def Info: external/preview/big-buck-bunny-frame-one.jpg  used on input line 5772.
(pdftex.def)             Requested size: 202.9847pt x 113.73863pt.
<generated/qrcode/big-buck-bunny-webm.png, id=2543, 451.6875pt x 451.6875pt>
File: generated/qrcode/big-buck-bunny-webm.png Graphic file (type png)
<use generated/qrcode/big-buck-bunny-webm.png>
Package pdftex.def Info: generated/qrcode/big-buck-bunny-webm.png  used on input line 5775.
(pdftex.def)             Requested size: 91.02986pt x 91.02512pt.
File: external/preview/big-buck-bunny-frame-one.jpg Graphic file (type jpg)
<use external/preview/big-buck-bunny-frame-one.jpg>
Package pdftex.def Info: external/preview/big-buck-bunny-frame-one.jpg  used on input line 5784.
(pdftex.def)             Requested size: 202.9847pt x 113.73863pt.
<generated/qrcode/big-buck-bunny-best-format.png, id=2545, 451.6875pt x 451.6875pt>
File: generated/qrcode/big-buck-bunny-best-format.png Graphic file (type png)
<use generated/qrcode/big-buck-bunny-best-format.png>
Package pdftex.def Info: generated/qrcode/big-buck-bunny-best-format.png  used on input line 5787.
(pdftex.def)             Requested size: 91.02986pt x 91.02512pt.


[117 <./generated/qrcode/big-buck-bunny-margins.png> <./generated/qrcode/big-buck-bunny-ogg.png> <./generated/qrcode/big-buck-bunny-mp4.png>]
************************************************
Subsection 20.2 YouTube
************************************************
<generated/youtube/drone-flight-full.jpg, id=2567, 120.45pt x 90.3375pt>
File: generated/youtube/drone-flight-full.jpg Graphic file (type jpg)
<use generated/youtube/drone-flight-full.jpg>
Package pdftex.def Info: generated/youtube/drone-flight-full.jpg  used on input line 5810.
(pdftex.def)             Requested size: 202.9847pt x 152.2539pt.
<generated/qrcode/drone-flight-full.png, id=2568, 331.2375pt x 331.2375pt>
File: generated/qrcode/drone-flight-full.png Graphic file (type png)
<use generated/qrcode/drone-flight-full.png>
Package pdftex.def Info: generated/qrcode/drone-flight-full.png  used on input line 5813.
(pdftex.def)             Requested size: 91.02986pt x 91.0274pt.


[118 <./generated/qrcode/big-buck-bunny-webm.png> <./generated/qrcode/big-buck-bunny-best-format.png>]
<generated/youtube/drone-flight-clip.jpg, id=2584, 120.45pt x 90.3375pt>
File: generated/youtube/drone-flight-clip.jpg Graphic file (type jpg)
<use generated/youtube/drone-flight-clip.jpg>
Package pdftex.def Info: generated/youtube/drone-flight-clip.jpg  used on input line 5823.
(pdftex.def)             Requested size: 202.9847pt x 152.2539pt.
<generated/qrcode/drone-flight-clip.png, id=2585, 411.5375pt x 411.5375pt>
File: generated/qrcode/drone-flight-clip.png Graphic file (type png)
<use generated/qrcode/drone-flight-clip.png>
Package pdftex.def Info: generated/qrcode/drone-flight-clip.png  used on input line 5826.
(pdftex.def)             Requested size: 91.02986pt x 91.02834pt.
<external/preview/jimmy-page.jpg, id=2587, 781.92125pt x 440.64626pt>
File: external/preview/jimmy-page.jpg Graphic file (type jpg)
<use external/preview/jimmy-page.jpg>
Package pdftex.def Info: external/preview/jimmy-page.jpg  used on input line 5837.
(pdftex.def)             Requested size: 202.9847pt x 114.3905pt.
<generated/qrcode/led-zeppelin-kashmir.png, id=2588, 331.2375pt x 331.2375pt>
File: generated/qrcode/led-zeppelin-kashmir.png Graphic file (type png)
<use generated/qrcode/led-zeppelin-kashmir.png>
Package pdftex.def Info: generated/qrcode/led-zeppelin-kashmir.png  used on input line 5840.
(pdftex.def)             Requested size: 91.02986pt x 91.0274pt.


[119 <./generated/youtube/drone-flight-full.jpg> <./generated/qrcode/drone-flight-full.png> <./generated/youtube/drone-flight-clip.jpg> <./generated/qrcode/drone-flight-clip.png>]
File: generated/play-button/play-button.png Graphic file (type png)
<use generated/play-button/play-button.png>
Package pdftex.def Info: generated/play-button/play-button.png  used on input line 5851.
(pdftex.def)             Requested size: 202.9847pt x 143.85724pt.
<generated/qrcode/led-zeppelin-kashmir-generic.png, id=2604, 331.2375pt x 331.2375pt>
File: generated/qrcode/led-zeppelin-kashmir-generic.png Graphic file (type png)
<use generated/qrcode/led-zeppelin-kashmir-generic.png>
Package pdftex.def Info: generated/qrcode/led-zeppelin-kashmir-generic.png  used on input line 5854.
(pdftex.def)             Requested size: 91.02986pt x 91.0274pt.
File: external/preview/jimmy-page.jpg Graphic file (type jpg)
<use external/preview/jimmy-page.jpg>
Package pdftex.def Info: external/preview/jimmy-page.jpg  used on input line 5863.
(pdftex.def)             Requested size: 202.7027pt x 114.22913pt.
<generated/qrcode/led-zeppelin-kashmir-solo.png, id=2606, 331.2375pt x 331.2375pt>
File: generated/qrcode/led-zeppelin-kashmir-solo.png Graphic file (type png)
<use generated/qrcode/led-zeppelin-kashmir-solo.png>
Package pdftex.def Info: generated/qrcode/led-zeppelin-kashmir-solo.png  used on input line 5866.
(pdftex.def)             Requested size: 90.90385pt x 90.90105pt.


[120 <./external/preview/jimmy-page.jpg> <./generated/qrcode/led-zeppelin-kashmir.png> <./generated/qrcode/led-zeppelin-kashmir-generic.png> <./generated/qrcode/led-zeppelin-kashmir-solo.png>]
<generated/youtube/drone-flight-sbs.jpg, id=2628, 120.45pt x 90.3375pt>
File: generated/youtube/drone-flight-sbs.jpg Graphic file (type jpg)
<use generated/youtube/drone-flight-sbs.jpg>
Package pdftex.def Info: generated/youtube/drone-flight-sbs.jpg  used on input line 5881.
(pdftex.def)             Requested size: 71.90118pt x 53.92722pt.
<generated/qrcode/drone-flight-sbs.png, id=2629, 331.2375pt x 331.2375pt>
File: generated/qrcode/drone-flight-sbs.png Graphic file (type png)
<use generated/qrcode/drone-flight-sbs.png>
Package pdftex.def Info: generated/qrcode/drone-flight-sbs.png  used on input line 5884.
(pdftex.def)             Requested size: 32.45891pt x 32.45851pt.

Underfull \hbox (badness 10000) in paragraph at lines 5884--5886
[][]\T1/lmr/m/n/10 (+20) Stan-
 []

File: external/preview/ups-promo-frame-one.jpg Graphic file (type jpg)
<use external/preview/ups-promo-frame-one.jpg>
Package pdftex.def Info: external/preview/ups-promo-frame-one.jpg  used on input line 5895.
(pdftex.def)             Requested size: 71.90118pt x 40.22525pt.
<generated/qrcode/ups-promo-sbs.png, id=2631, 411.5375pt x 411.5375pt>
File: generated/qrcode/ups-promo-sbs.png Graphic file (type png)
<use generated/qrcode/ups-promo-sbs.png>
Package pdftex.def Info: generated/qrcode/ups-promo-sbs.png  used on input line 5898.
(pdftex.def)             Requested size: 32.45891pt x 32.45898pt.

Underfull \hbox (badness 10000) in paragraph at lines 5898--5900
[][]\T1/lmr/m/n/10 (+20) Stan-
 []

<generated/youtube/zeppelin-playlist.jpg, id=2633, 120.45pt x 90.3375pt>
File: generated/youtube/zeppelin-playlist.jpg Graphic file (type jpg)
<use generated/youtube/zeppelin-playlist.jpg>
Package pdftex.def Info: generated/youtube/zeppelin-playlist.jpg  used on input line 5913.
(pdftex.def)             Requested size: 96.15251pt x 72.11569pt.
<generated/qrcode/zeppelin-playlist.png, id=2634, 411.5375pt x 411.5375pt>
File: generated/qrcode/zeppelin-playlist.png Graphic file (type png)
<use generated/qrcode/zeppelin-playlist.png>
Package pdftex.def Info: generated/qrcode/zeppelin-playlist.png  used on input line 5916.
(pdftex.def)             Requested size: 43.29494pt x 43.2912pt.

Underfull \hbox (badness 10000) in paragraph at lines 5916--5918
[][]\T1/lmr/m/n/10 (+20) Stan-
 []

File: generated/play-button/play-button.png Graphic file (type png)
<use generated/play-button/play-button.png>
Package pdftex.def Info: generated/play-button/play-button.png  used on input line 5927.
(pdftex.def)             Requested size: 96.15251pt x 68.12546pt.
<generated/qrcode/zeppelin-playlist-named.png, id=2636, 411.5375pt x 411.5375pt>
File: generated/qrcode/zeppelin-playlist-named.png Graphic file (type png)
<use generated/qrcode/zeppelin-playlist-named.png>
Package pdftex.def Info: generated/qrcode/zeppelin-playlist-named.png  used on input line 5930.
(pdftex.def)             Requested size: 43.29494pt x 43.2912pt.

Underfull \hbox (badness 10000) in paragraph at lines 5930--5932
[][]\T1/lmr/m/n/10 (+20) Stan-
 []

<generated/youtube/pre-roll-countdown-1.jpg, id=2638, 120.45pt x 90.3375pt>
File: generated/youtube/pre-roll-countdown-1.jpg Graphic file (type jpg)
<use generated/youtube/pre-roll-countdown-1.jpg>
Package pdftex.def Info: generated/youtube/pre-roll-countdown-1.jpg  used on input line 5945.
(pdftex.def)             Requested size: 61.79543pt x 46.34581pt.
<generated/qrcode/pre-roll-countdown-1.png, id=2639, 331.2375pt x 331.2375pt>
File: generated/qrcode/pre-roll-countdown-1.png Graphic file (type png)
<use generated/qrcode/pre-roll-countdown-1.png>
Package pdftex.def Info: generated/qrcode/pre-roll-countdown-1.png  used on input line 5948.
(pdftex.def)             Requested size: 27.94344pt x 27.94pt.

Underfull \hbox (badness 10000) in paragraph at lines 5948--5950
[][]\T1/lmr/m/n/10 (+20) Stan-
 []

<generated/youtube/pre-roll-countdown-2.jpg, id=2641, 120.45pt x 90.3375pt>
File: generated/youtube/pre-roll-countdown-2.jpg Graphic file (type jpg)
<use generated/youtube/pre-roll-countdown-2.jpg>
Package pdftex.def Info: generated/youtube/pre-roll-countdown-2.jpg  used on input line 5959.
(pdftex.def)             Requested size: 61.79543pt x 46.34581pt.
<generated/qrcode/pre-roll-countdown-2.png, id=2642, 371.3875pt x 371.3875pt>
File: generated/qrcode/pre-roll-countdown-2.png Graphic file (type png)
<use generated/qrcode/pre-roll-countdown-2.png>
Package pdftex.def Info: generated/qrcode/pre-roll-countdown-2.png  used on input line 5962.
(pdftex.def)             Requested size: 27.94344pt x 27.94353pt.

Underfull \hbox (badness 10000) in paragraph at lines 5962--5964
[][]\T1/lmr/m/n/10 (+20) Stan-
 []

<generated/youtube/pre-roll-countdown-3.jpg, id=2644, 120.45pt x 90.3375pt>
File: generated/youtube/pre-roll-countdown-3.jpg Graphic file (type jpg)
<use generated/youtube/pre-roll-countdown-3.jpg>
Package pdftex.def Info: generated/youtube/pre-roll-countdown-3.jpg  used on input line 5973.
(pdftex.def)             Requested size: 61.79543pt x 46.34581pt.
<generated/qrcode/pre-roll-countdown-3.png, id=2645, 331.2375pt x 331.2375pt>
File: generated/qrcode/pre-roll-countdown-3.png Graphic file (type png)
<use generated/qrcode/pre-roll-countdown-3.png>
Package pdftex.def Info: generated/qrcode/pre-roll-countdown-3.png  used on input line 5976.
(pdftex.def)             Requested size: 27.94344pt x 27.94pt.

Underfull \hbox (badness 10000) in paragraph at lines 5976--5978
[][]\T1/lmr/m/n/10 (+20) Stan-
 []

<generated/youtube/pre-roll-countdown-4.jpg, id=2647, 120.45pt x 90.3375pt>
File: generated/youtube/pre-roll-countdown-4.jpg Graphic file (type jpg)
<use generated/youtube/pre-roll-countdown-4.jpg>
Package pdftex.def Info: generated/youtube/pre-roll-countdown-4.jpg  used on input line 5992.
(pdftex.def)             Requested size: 61.88004pt x 46.40923pt.
<generated/qrcode/pre-roll-countdown-4.png, id=2648, 331.2375pt x 331.2375pt>
File: generated/qrcode/pre-roll-countdown-4.png Graphic file (type png)
<use generated/qrcode/pre-roll-countdown-4.png>
Package pdftex.def Info: generated/qrcode/pre-roll-countdown-4.png  used on input line 5995.
(pdftex.def)             Requested size: 27.98125pt x 27.98044pt.

Underfull \hbox (badness 10000) in paragraph at lines 5995--5997
[][]\T1/lmr/m/n/10 (+20) Stan-
 []

<generated/youtube/pre-roll-countdown-5.jpg, id=2650, 120.45pt x 90.3375pt>
File: generated/youtube/pre-roll-countdown-5.jpg Graphic file (type jpg)
<use generated/youtube/pre-roll-countdown-5.jpg>
Package pdftex.def Info: generated/youtube/pre-roll-countdown-5.jpg  used on input line 6006.
(pdftex.def)             Requested size: 61.88004pt x 46.40923pt.
<generated/qrcode/pre-roll-countdown-5.png, id=2651, 371.3875pt x 371.3875pt>
File: generated/qrcode/pre-roll-countdown-5.png Graphic file (type png)
<use generated/qrcode/pre-roll-countdown-5.png>
Package pdftex.def Info: generated/qrcode/pre-roll-countdown-5.png  used on input line 6009.
(pdftex.def)             Requested size: 27.98125pt x 27.97752pt.

Underfull \hbox (badness 10000) in paragraph at lines 6009--6011
[][]\T1/lmr/m/n/10 (+20) Stan-
 []

<generated/youtube/pre-roll-countdown-6.jpg, id=2653, 120.45pt x 90.3375pt>
File: generated/youtube/pre-roll-countdown-6.jpg Graphic file (type jpg)
<use generated/youtube/pre-roll-countdown-6.jpg>
Package pdftex.def Info: generated/youtube/pre-roll-countdown-6.jpg  used on input line 6020.
(pdftex.def)             Requested size: 61.88004pt x 46.40923pt.
<generated/qrcode/pre-roll-countdown-6.png, id=2654, 331.2375pt x 331.2375pt>
File: generated/qrcode/pre-roll-countdown-6.png Graphic file (type png)
<use generated/qrcode/pre-roll-countdown-6.png>
Package pdftex.def Info: generated/qrcode/pre-roll-countdown-6.png  used on input line 6023.
(pdftex.def)             Requested size: 27.98125pt x 27.98044pt.

Underfull \hbox (badness 10000) in paragraph at lines 6023--6025
[][]\T1/lmr/m/n/10 (+20) Stan-
 []



[121 <./generated/youtube/drone-flight-sbs.jpg> <./generated/qrcode/drone-flight-sbs.png> <./generated/qrcode/ups-promo-sbs.png> <./generated/youtube/zeppelin-playlist.jpg> <./generated/qrcode/zeppelin-playlist.png> <./generated/qrcode/zeppelin-playlist-named.png> <./generated/youtube/pre-roll-countdown-1.jpg> <./generated/qrcode/pre-roll-countdown-1.png> <./generated/youtube/pre-roll-countdown-2.jpg> <./generated/qrcode/pre-roll-countdown-2.png> <./generated/youtube/pre-roll-countdown-3.jpg> <./generated/qrcode/pre-roll-countdown-3.png> <./generated/youtube/pre-roll-countdown-4.jpg> <./generated/qrcode/pre-roll-countdown-4.png> <./generated/youtube/pre-roll-countdown-5.jpg> <./generated/qrcode/pre-roll-countdown-5.png> <./generated/youtube/pre-roll-countdown-6.jpg> <./generated/qrcode/pre-roll-countdown-6.png>]
File: external/preview/ups-promo-preview.jpg Graphic file (type jpg)
<use external/preview/ups-promo-preview.jpg>
Package pdftex.def Info: external/preview/ups-promo-preview.jpg  used on input line 6039.
(pdftex.def)             Requested size: 61.79543pt x 30.6756pt.
<generated/qrcode/ups-promo-1.png, id=2733, 411.5375pt x 411.5375pt>
File: generated/qrcode/ups-promo-1.png Graphic file (type png)
<use generated/qrcode/ups-promo-1.png>
Package pdftex.def Info: generated/qrcode/ups-promo-1.png  used on input line 6042.
(pdftex.def)             Requested size: 27.94344pt x 27.9377pt.

Underfull \hbox (badness 10000) in paragraph at lines 6042--6044
[][]\T1/lmr/m/n/10 (+20) Stan-
 []

File: external/preview/ups-promo-preview.jpg Graphic file (type jpg)
<use external/preview/ups-promo-preview.jpg>
Package pdftex.def Info: external/preview/ups-promo-preview.jpg  used on input line 6053.
(pdftex.def)             Requested size: 61.79543pt x 30.6756pt.
<generated/qrcode/ups-promo-2.png, id=2735, 411.5375pt x 411.5375pt>
File: generated/qrcode/ups-promo-2.png Graphic file (type png)
<use generated/qrcode/ups-promo-2.png>
Package pdftex.def Info: generated/qrcode/ups-promo-2.png  used on input line 6056.
(pdftex.def)             Requested size: 27.94344pt x 27.9377pt.

Underfull \hbox (badness 10000) in paragraph at lines 6056--6058
[][]\T1/lmr/m/n/10 (+20) Stan-
 []

File: external/preview/ups-promo-preview.jpg Graphic file (type jpg)
<use external/preview/ups-promo-preview.jpg>
Package pdftex.def Info: external/preview/ups-promo-preview.jpg  used on input line 6067.
(pdftex.def)             Requested size: 61.79543pt x 30.6756pt.
<generated/qrcode/ups-promo-3.png, id=2737, 411.5375pt x 411.5375pt>
File: generated/qrcode/ups-promo-3.png Graphic file (type png)
<use generated/qrcode/ups-promo-3.png>
Package pdftex.def Info: generated/qrcode/ups-promo-3.png  used on input line 6070.
(pdftex.def)             Requested size: 27.94344pt x 27.9377pt.

Underfull \hbox (badness 10000) in paragraph at lines 6070--6072
[][]\T1/lmr/m/n/10 (+20) Stan-
 []

File: external/preview/ups-promo-preview.jpg Graphic file (type jpg)
<use external/preview/ups-promo-preview.jpg>
Package pdftex.def Info: external/preview/ups-promo-preview.jpg  used on input line 6086.
(pdftex.def)             Requested size: 61.88004pt x 30.71393pt.
<generated/qrcode/ups-promo-4.png, id=2739, 411.5375pt x 411.5375pt>
File: generated/qrcode/ups-promo-4.png Graphic file (type png)
<use generated/qrcode/ups-promo-4.png>
Package pdftex.def Info: generated/qrcode/ups-promo-4.png  used on input line 6089.
(pdftex.def)             Requested size: 27.98125pt x 27.97539pt.

Underfull \hbox (badness 10000) in paragraph at lines 6089--6091
[][]\T1/lmr/m/n/10 (+20) Stan-
 []

File: external/preview/ups-promo-preview.jpg Graphic file (type jpg)
<use external/preview/ups-promo-preview.jpg>
Package pdftex.def Info: external/preview/ups-promo-preview.jpg  used on input line 6100.
(pdftex.def)             Requested size: 61.88004pt x 30.71393pt.
<generated/qrcode/ups-promo-5.png, id=2741, 411.5375pt x 411.5375pt>
File: generated/qrcode/ups-promo-5.png Graphic file (type png)
<use generated/qrcode/ups-promo-5.png>
Package pdftex.def Info: generated/qrcode/ups-promo-5.png  used on input line 6103.
(pdftex.def)             Requested size: 27.98125pt x 27.97539pt.

Underfull \hbox (badness 10000) in paragraph at lines 6103--6105
[][]\T1/lmr/m/n/10 (+20) Stan-
 []

File: external/preview/ups-promo-preview.jpg Graphic file (type jpg)
<use external/preview/ups-promo-preview.jpg>
Package pdftex.def Info: external/preview/ups-promo-preview.jpg  used on input line 6114.
(pdftex.def)             Requested size: 61.88004pt x 30.71393pt.
<generated/qrcode/ups-promo-6.png, id=2743, 411.5375pt x 411.5375pt>
File: generated/qrcode/ups-promo-6.png Graphic file (type png)
<use generated/qrcode/ups-promo-6.png>
Package pdftex.def Info: generated/qrcode/ups-promo-6.png  used on input line 6117.
(pdftex.def)             Requested size: 27.98125pt x 27.97539pt.

Underfull \hbox (badness 10000) in paragraph at lines 6117--6119
[][]\T1/lmr/m/n/10 (+20) Stan-
 []

************************************************
Subsection 20.3 Vimeo
************************************************
<external/preview/vimeo-move.jpg, id=2746, 480.79625pt x 272.01625pt>
File: external/preview/vimeo-move.jpg Graphic file (type jpg)
<use external/preview/vimeo-move.jpg>
Package pdftex.def Info: external/preview/vimeo-move.jpg  used on input line 6139.
(pdftex.def)             Requested size: 202.9847pt x 114.84373pt.
<generated/qrcode/vimeo-move.png, id=2747, 291.0875pt x 291.0875pt>
File: generated/qrcode/vimeo-move.png Graphic file (type png)
<use generated/qrcode/vimeo-move.png>
Package pdftex.def Info: generated/qrcode/vimeo-move.png  used on input line 6142.
(pdftex.def)             Requested size: 91.02986pt x 91.0268pt.
<external/preview/move.png, id=2750, 480.79625pt x 272.01625pt>
File: external/preview/move.png Graphic file (type png)
<use external/preview/move.png>
Package pdftex.def Info: external/preview/move.png  used on input line 6153.
(pdftex.def)             Requested size: 202.9847pt x 114.84373pt.
<generated/qrcode/section-video-5-5-2.png, id=2751, 291.0875pt x 291.0875pt>
File: generated/qrcode/section-video-5-5-2.png Graphic file (type png)
<use generated/qrcode/section-video-5-5-2.png>
Package pdftex.def Info: generated/qrcode/section-video-5-5-2.png  used on input line 6156.
(pdftex.def)             Requested size: 91.02986pt x 91.0268pt.


[122 <./generated/qrcode/ups-promo-1.png> <./generated/qrcode/ups-promo-2.png> <./generated/qrcode/ups-promo-3.png> <./generated/qrcode/ups-promo-4.png> <./generated/qrcode/ups-promo-5.png> <./generated/qrcode/ups-promo-6.png> <./external/preview/vimeo-move.jpg> <./generated/qrcode/vimeo-move.png>]
************************************************
Subsection 20.4 Captions and Subtitles
************************************************
File: external/preview/big-buck-bunny-frame-one.jpg Graphic file (type jpg)
<use external/preview/big-buck-bunny-frame-one.jpg>
Package pdftex.def Info: external/preview/big-buck-bunny-frame-one.jpg  used on input line 6175.
(pdftex.def)             Requested size: 202.9847pt x 113.73863pt.
<generated/qrcode/big-buck-bunny-subtitles.png, id=2809, 451.6875pt x 451.6875pt>
File: generated/qrcode/big-buck-bunny-subtitles.png Graphic file (type png)
<use generated/qrcode/big-buck-bunny-subtitles.png>
Package pdftex.def Info: generated/qrcode/big-buck-bunny-subtitles.png  used on input line 6178.
(pdftex.def)             Requested size: 91.02986pt x 91.02512pt.
File: external/preview/big-buck-bunny-frame-one.jpg Graphic file (type jpg)
<use external/preview/big-buck-bunny-frame-one.jpg>
Package pdftex.def Info: external/preview/big-buck-bunny-frame-one.jpg  used on input line 6187.
(pdftex.def)             Requested size: 202.7027pt x 113.58061pt.
<generated/qrcode/big-buck-bunny-two-subtitles.png, id=2812, 451.6875pt x 451.6875pt>
File: generated/qrcode/big-buck-bunny-two-subtitles.png Graphic file (type png)
<use generated/qrcode/big-buck-bunny-two-subtitles.png>
Package pdftex.def Info: generated/qrcode/big-buck-bunny-two-subtitles.png  used on input line 6190.
(pdftex.def)             Requested size: 90.90385pt x 90.90105pt.
************************************************
Section 21 Cross-Referencing
************************************************


[123 <./external/preview/move.png> <./generated/qrcode/section-video-5-5-2.png> <./generated/qrcode/big-buck-bunny-subtitles.png> <./generated/qrcode/big-buck-bunny-two-subtitles.png>]

[124]

[125]

LaTeX Warning: Hyper reference `list-colors-rainbow' on page 126 undefined on input line 6260.


LaTeX Warning: Reference `list-colors-rainbow' on page 126 undefined on input line 6260.


LaTeX Warning: Hyper reference `list-to-reference' on page 126 undefined on input line 6264.


LaTeX Warning: Reference `list-to-reference' on page 126 undefined on input line 6264.



[126]

LaTeX Warning: Hyper reference `references-section' on page 127 undefined on input line 6281.


LaTeX Warning: Reference `references-section' on page 127 undefined on input line 6281.


LaTeX Warning: Hyper reference `solutions-subsection' on page 127 undefined on input line 6282.


LaTeX Warning: Reference `solutions-subsection' on page 127 undefined on input line 6282.


LaTeX Warning: Hyper reference `solutions-backmatter' on page 127 undefined on input line 6282.


LaTeX Warning: Reference `solutions-backmatter' on page 127 undefined on input line 6282.


LaTeX Warning: Hyper reference `exercises-subsection-solo' on page 127 undefined on input line 6283.


LaTeX Warning: Reference `exercises-subsection-solo' on page 127 undefined on input line 6283.


LaTeX Warning: Hyper reference `exercises-section-multiple' on page 127 undefined on input line 6283.


LaTeX Warning: Reference `exercises-section-multiple' on page 127 undefined on input line 6283.


LaTeX Warning: Hyper reference `section-exercises-single' on page 127 undefined on input line 6283.


LaTeX Warning: Reference `section-exercises-single' on page 127 undefined on input line 6283.


Package hyperref Warning: Suppressing empty link on input line 6285.



[127]

[128]
Overfull \hbox (2.0454pt too wide) in paragraph at lines 6335--6335
[][]$\T1/zi4/m/it/9 https : / / pretextbook . org / examples / sample-[]article / html / external / data / runningstatisticstemplate .
 []


LaTeX Warning: Hyper reference `program-activecode-python' on page 129 undefined on input line 6358.


LaTeX Warning: Reference `program-activecode-python' on page 129 undefined on input line 6358.


LaTeX Warning: Hyper reference `program-activecode-python' on page 129 undefined on input line 6358.


LaTeX Warning: Reference `program-activecode-python' on page 129 undefined on input line 6358.

************************************************
Section 22 Internationalization
************************************************


[129]
Overfull \hbox (1.83476pt too wide) in paragraph at lines 6390--6392
\T1/lmr/m/n/10 (-20) with the \T1/zi4/m/sl/10 xelatex \T1/lmr/m/n/10 (-20) en-gine. This is dis-cussed and tested in \T1/zi4/m/sl/10 examples/fonts/fonts-and-characters.xml\T1/lmr/m/n/10 (-20) . 
 []



[130]
LaTeX Info: Symbol \textasciigrave not provided by
            font family zi4 in TS1 encoding.
            Default family used instead on input line 6437.


[131]
LaTeX Info: Symbol \textasciigrave not provided by
            font family zi4 in TS1 encoding.
            Default family used instead on input line 6442.
LaTeX Info: Symbol \textasciigrave not provided by
            font family zi4 in TS1 encoding.
            Default family used instead on input line 6442.
LaTeX Info: Symbol \textasciigrave not provided by
            font family zi4 in TS1 encoding.
            Default family used instead on input line 6442.
LaTeX Info: Symbol \textcurrency not provided by
            font family zi4 in TS1 encoding.
            Default family used instead on input line 6450.
LaTeX Info: Symbol \textasciidieresis not provided by
            font family zi4 in TS1 encoding.
            Default family used instead on input line 6450.
LaTeX Info: Symbol \textasciimacron not provided by
            font family zi4 in TS1 encoding.
            Default family used instead on input line 6450.
LaTeX Info: Symbol \texttwosuperior not provided by
            font family zi4 in TS1 encoding.
            Default family used instead on input line 6451.
LaTeX Info: Symbol \textthreesuperior not provided by
            font family zi4 in TS1 encoding.
            Default family used instead on input line 6451.
LaTeX Info: Symbol \textasciiacute not provided by
            font family zi4 in TS1 encoding.
            Default family used instead on input line 6451.
LaTeX Info: Symbol \textmu not provided by
            font family zi4 in TS1 encoding.
            Default family used instead on input line 6451.
LaTeX Info: Symbol \textonesuperior not provided by
            font family zi4 in TS1 encoding.
            Default family used instead on input line 6451.

Missing character: There is no ¾ in font ts1-zi4r!
LaTeX Info: Symbol \textcurrency not provided by
            font family zi4 in TS1 encoding.
            Default family used instead on input line 6461.
LaTeX Info: Symbol \textasciidieresis not provided by
            font family zi4 in TS1 encoding.
            Default family used instead on input line 6461.
LaTeX Info: Symbol \textasciimacron not provided by
            font family zi4 in TS1 encoding.
            Default family used instead on input line 6461.
LaTeX Info: Symbol \texttwosuperior not provided by
            font family zi4 in TS1 encoding.
            Default family used instead on input line 6462.
LaTeX Info: Symbol \textthreesuperior not provided by
            font family zi4 in TS1 encoding.
            Default family used instead on input line 6462.
LaTeX Info: Symbol \textasciiacute not provided by
            font family zi4 in TS1 encoding.
            Default family used instead on input line 6462.
LaTeX Info: Symbol \textmu not provided by
            font family zi4 in TS1 encoding.
            Default family used instead on input line 6462.
LaTeX Info: Symbol \textonesuperior not provided by
            font family zi4 in TS1 encoding.
            Default family used instead on input line 6462.
Missing character: There is no ¾ in font ts1-zi4r!


[132]
\openout7 = `sample-article.listing'.

 (./sample-article.listing
LaTeX Font Info:    Font shape `TS1/zi4/b/n' will be
(Font)              scaled to size 9.0pt on input line 1.
LaTeX Info: Symbol \textcurrency not provided by
            font family zi4 in TS1 encoding.
            Default family used instead on input line 1.


LaTeX Font Warning: Font shape `T1/cmtt/b/n' undefined
(Font)              using `T1/cmtt/m/n' instead on input line 1.


LaTeX Font Warning: Font shape `TS1/cmtt/b/n' undefined
(Font)              using `TS1/cmtt/m/n' instead
(Font)              for symbol `textcurrency' on input line 1.

LaTeX Info: Symbol \textasciidieresis not provided by
            font family zi4 in TS1 encoding.
            Default family used instead on input line 1.
LaTeX Info: Symbol \textasciimacron not provided by
            font family zi4 in TS1 encoding.
            Default family used instead on input line 1.
LaTeX Info: Symbol \texttwosuperior not provided by
            font family zi4 in TS1 encoding.
            Default family used instead on input line 2.
LaTeX Info: Symbol \textthreesuperior not provided by
            font family zi4 in TS1 encoding.
            Default family used instead on input line 2.
LaTeX Info: Symbol \textasciiacute not provided by
            font family zi4 in TS1 encoding.
            Default family used instead on input line 2.
LaTeX Info: Symbol \textmu not provided by
            font family zi4 in TS1 encoding.
            Default family used instead on input line 2.
LaTeX Info: Symbol \textonesuperior not provided by
            font family zi4 in TS1 encoding.
            Default family used instead on input line 2.
Missing character: There is no ¾ in font ts1-zi4b!
)
\openout7 = `sample-article.listing'.

 (./sample-article.listing
LaTeX Info: Symbol \textcurrency not provided by
            font family zi4 in TS1 encoding.
            Default family used instead on input line 1.
LaTeX Info: Symbol \textasciidieresis not provided by
            font family zi4 in TS1 encoding.
            Default family used instead on input line 1.
LaTeX Info: Symbol \textasciimacron not provided by
            font family zi4 in TS1 encoding.
            Default family used instead on input line 1.
LaTeX Info: Symbol \texttwosuperior not provided by
            font family zi4 in TS1 encoding.
            Default family used instead on input line 2.
LaTeX Info: Symbol \textthreesuperior not provided by
            font family zi4 in TS1 encoding.
            Default family used instead on input line 2.
LaTeX Info: Symbol \textasciiacute not provided by
            font family zi4 in TS1 encoding.
            Default family used instead on input line 2.
LaTeX Info: Symbol \textmu not provided by
            font family zi4 in TS1 encoding.
            Default family used instead on input line 2.
LaTeX Info: Symbol \textonesuperior not provided by
            font family zi4 in TS1 encoding.
            Default family used instead on input line 2.

Missing character: There is no ¾ in font ts1-zi4r!
)
\openout7 = `sample-article.listing'.

 (./sample-article.listing
LaTeX Info: Symbol \textcurrency not provided by
            font family zi4 in TS1 encoding.
            Default family used instead on input line 1.
LaTeX Info: Symbol \textasciidieresis not provided by
            font family zi4 in TS1 encoding.
            Default family used instead on input line 1.
LaTeX Info: Symbol \textasciimacron not provided by
            font family zi4 in TS1 encoding.
            Default family used instead on input line 1.
LaTeX Info: Symbol \texttwosuperior not provided by
            font family zi4 in TS1 encoding.
            Default family used instead on input line 2.
LaTeX Info: Symbol \textthreesuperior not provided by
            font family zi4 in TS1 encoding.
            Default family used instead on input line 2.
LaTeX Info: Symbol \textasciiacute not provided by
            font family zi4 in TS1 encoding.
            Default family used instead on input line 2.
LaTeX Info: Symbol \textmu not provided by
            font family zi4 in TS1 encoding.
            Default family used instead on input line 2.
LaTeX Info: Symbol \textonesuperior not provided by
            font family zi4 in TS1 encoding.
            Default family used instead on input line 2.

Missing character: There is no ¾ in font ts1-zi4r!
)
************************************************
Section 23 Pre-Formatted Text
************************************************

Overfull \hbox (132.21008pt too wide) in paragraph at lines 6508--6516
[]\T1/lmr/m/n/10 (-20) Again, more ex-am-ples and more thor-ough ex-pla-na-tions can be found in the sam-ple: \T1/zi4/m/sl/10 examples/fonts/fonts-and-characters.xml\T1/lmr/m/n/10 (-20) .
 []



[133]
Overfull \hbox (5.24817pt too wide) in paragraph at lines 6542--6543
\T1/zi4/m/sl/10 dash/hypen. Such as when you use words like pneumonoultramicroscopicsilicovolcanoconiosis,
 []


Overfull \hbox (46.48311pt too wide) in paragraph at lines 6542--6543
\T1/zi4/m/sl/10 parastratiosphecomyia stratiosphecomyioides, floccinaucinihilipilification, or subdermatoglyphic.
 []



[134]
LaTeX Info: Symbol \textrightarrow not provided by
            font family zi4 in TS1 encoding.
            Default family used instead on input line 6585.

************************************************
Section 24 Program Listings (with \texttt {code} in the title)
************************************************
LaTeX Font Info:    Font shape `T1/zi4/b/n' will be
(Font)              scaled to size 14.4pt on input line 6593.
\openout7 = `sample-article.listing'.

(/usr/local/texlive/2024/texmf-dist/tex/latex/listings/lstlang1.sty
File: lstlang1.sty 2024/09/23 1.10c listings language file
) (/usr/local/texlive/2024/texmf-dist/tex/latex/listings/lstlang2.sty
File: lstlang2.sty 2024/09/23 1.10c listings language file
) (/usr/local/texlive/2024/texmf-dist/tex/latex/listings/lstlang3.sty
File: lstlang3.sty 2024/09/23 1.10c listings language file
) (./sample-article.listing)

[135]
\openout7 = `sample-article.listing'.

 (/usr/local/texlive/2024/texmf-dist/tex/latex/listings/lstlang1.sty
File: lstlang1.sty 2024/09/23 1.10c listings language file
) (/usr/local/texlive/2024/texmf-dist/tex/latex/listings/lstlang1.sty
File: lstlang1.sty 2024/09/23 1.10c listings language file
) (/usr/local/texlive/2024/texmf-dist/tex/latex/listings/lstmisc.sty
File: lstmisc.sty 2024/09/23 1.10c (Carsten Heinz)
) (./sample-article.listing)
\openout7 = `sample-article.listing'.

 (/usr/local/texlive/2024/texmf-dist/tex/latex/listings/lstlang1.sty
File: lstlang1.sty 2024/09/23 1.10c listings language file
) (./sample-article.listing)
\openout7 = `sample-article.listing'.

 (./sample-article.listing)

[136]
\openout7 = `sample-article.listing'.

 (/usr/local/texlive/2024/texmf-dist/tex/latex/listings/lstlang1.sty
File: lstlang1.sty 2024/09/23 1.10c listings language file
) (/usr/local/texlive/2024/texmf-dist/tex/latex/listings/lstmisc.sty
File: lstmisc.sty 2024/09/23 1.10c (Carsten Heinz)
) (./sample-article.listing)
\openout7 = `sample-article.listing'.

 (/usr/local/texlive/2024/texmf-dist/tex/latex/listings/lstlang1.sty
File: lstlang1.sty 2024/09/23 1.10c listings language file
) (./sample-article.listing)
\openout7 = `sample-article.listing'.

 (./sample-article.listing)

[137]
\openout7 = `sample-article.listing'.

 (./sample-article.listing)

[138]
\openout7 = `sample-article.listing'.

 (./sample-article.listing)
\openout7 = `sample-article.listing'.

 (./sample-article.listing)
\openout7 = `sample-article.listing'.

 (./sample-article.listing)
\openout7 = `sample-article.listing'.

 (./sample-article.listing)

[139]
\openout7 = `sample-article.listing'.

 (./sample-article.listing
LaTeX Info: Symbol \textasciigrave not provided by
            font family zi4 in TS1 encoding.
            Default family used instead on input line 11.
LaTeX Info: Symbol \textasciigrave not provided by
            font family zi4 in TS1 encoding.
            Default family used instead on input line 11.
LaTeX Info: Symbol \textasciigrave not provided by
            font family zi4 in TS1 encoding.
            Default family used instead on input line 12.
)
\openout7 = `sample-article.listing'.

 (./sample-article.listing)
************************************************
Section 25 Units of Measure
************************************************


[140]
Overfull \vbox (614.86932pt too high) has occurred while \output is active []



[141]
************************************************
Section 26 Side-By-Side Panels
************************************************

Underfull \hbox (badness 1895) in paragraph at lines 6946--6947
\T1/lmr/m/n/10 (+20) lus in mol-lis velit. Nunc
 []

************************************************
Subsection 26.1 Figures with Numbers Side-By-Side
************************************************


[142]
File: external/images/cross-square.png Graphic file (type png)
<use external/images/cross-square.png>
Package pdftex.def Info: external/images/cross-square.png  used on input line 6968.
(pdftex.def)             Requested size: 111.73561pt x 111.73306pt.
File: external/images/cross-square.png Graphic file (type png)
<use external/images/cross-square.png>
Package pdftex.def Info: external/images/cross-square.png  used on input line 6974.
(pdftex.def)             Requested size: 108.85117pt x 108.84753pt.
File: external/images/cross-square.png Graphic file (type png)
<use external/images/cross-square.png>
Package pdftex.def Info: external/images/cross-square.png  used on input line 6985.
(pdftex.def)             Requested size: 216.50232pt x 216.50656pt.
File: external/images/cross-square.png Graphic file (type png)
<use external/images/cross-square.png>
Package pdftex.def Info: external/images/cross-square.png  used on input line 6991.
(pdftex.def)             Requested size: 108.85117pt x 108.84753pt.
File: external/images/cross-square.png Graphic file (type png)
<use external/images/cross-square.png>
Package pdftex.def Info: external/images/cross-square.png  used on input line 7002.
(pdftex.def)             Requested size: 144.7327pt x 144.73593pt.
File: external/images/cross-square.png Graphic file (type png)
<use external/images/cross-square.png>
Package pdftex.def Info: external/images/cross-square.png  used on input line 7008.
(pdftex.def)             Requested size: 144.7327pt x 144.73593pt.
File: external/images/cross-square.png Graphic file (type png)
<use external/images/cross-square.png>
Package pdftex.def Info: external/images/cross-square.png  used on input line 7014.
(pdftex.def)             Requested size: 144.7327pt x 144.73593pt.


[143]
File: external/images/cross-square.png Graphic file (type png)
<use external/images/cross-square.png>
Package pdftex.def Info: external/images/cross-square.png  used on input line 7024.
(pdftex.def)             Requested size: 108.70116pt x 108.7005pt.
File: external/images/cross-square.png Graphic file (type png)
<use external/images/cross-square.png>
Package pdftex.def Info: external/images/cross-square.png  used on input line 7030.
(pdftex.def)             Requested size: 108.70116pt x 108.7005pt.

Underfull \hbox (badness 4673) in paragraph at lines 7031--7032
[]\T1/lmr/bx/n/10 (+20) Figure 24.5 \T1/lmr/m/n/10 (+20) Reg-u-lar
 []

File: external/images/cross-square.png Graphic file (type png)
<use external/images/cross-square.png>
Package pdftex.def Info: external/images/cross-square.png  used on input line 7036.
(pdftex.def)             Requested size: 216.20232pt x 216.20638pt.
************************************************
Subsection 26.2 Images
************************************************


[144]
File: external/images/cross-square.png Graphic file (type png)
<use external/images/cross-square.png>
Package pdftex.def Info: external/images/cross-square.png  used on input line 7052.
(pdftex.def)             Requested size: 108.10115pt x 108.10011pt.
File: external/images/cross-square.png Graphic file (type png)
<use external/images/cross-square.png>
Package pdftex.def Info: external/images/cross-square.png  used on input line 7055.
(pdftex.def)             Requested size: 172.59923pt x 172.60487pt.
File: external/images/cross-square.png Graphic file (type png)
<use external/images/cross-square.png>
Package pdftex.def Info: external/images/cross-square.png  used on input line 7062.
(pdftex.def)             Requested size: 43.60309pt x 43.6015pt.
File: external/images/cross-square.png Graphic file (type png)
<use external/images/cross-square.png>
Package pdftex.def Info: external/images/cross-square.png  used on input line 7065.
(pdftex.def)             Requested size: 129.60269pt x 129.60374pt.
File: external/images/cross-square.png Graphic file (type png)
<use external/images/cross-square.png>
Package pdftex.def Info: external/images/cross-square.png  used on input line 7068.
(pdftex.def)             Requested size: 86.59961pt x 86.5965pt.
File: external/images/cross-square.png Graphic file (type png)
<use external/images/cross-square.png>
Package pdftex.def Info: external/images/cross-square.png  used on input line 7071.
(pdftex.def)             Requested size: 86.59961pt x 86.5965pt.
File: external/images/cross-square.png Graphic file (type png)
<use external/images/cross-square.png>
Package pdftex.def Info: external/images/cross-square.png  used on input line 7074.
(pdftex.def)             Requested size: 86.59961pt x 86.5965pt.


[145]
File: external/images/cross-square.png Graphic file (type png)
<use external/images/cross-square.png>
Package pdftex.def Info: external/images/cross-square.png  used on input line 7082.
(pdftex.def)             Requested size: 215.90231pt x 215.90619pt.
File: external/images/cross-square.png Graphic file (type png)
<use external/images/cross-square.png>
Package pdftex.def Info: external/images/cross-square.png  used on input line 7085.
(pdftex.def)             Requested size: 215.90231pt x 215.90619pt.

************************************************
Subsection 26.3 Common Side-By-Side Constructions
************************************************


[146]
************************************************
Subsection 26.4 Vertical Alignment
************************************************
File: external/images/cross-square.png Graphic file (type png)
<use external/images/cross-square.png>
Package pdftex.def Info: external/images/cross-square.png  used on input line 7126.
(pdftex.def)             Requested size: 143.10231pt x 143.10631pt.
File: external/images/cross-square.png Graphic file (type png)
<use external/images/cross-square.png>
Package pdftex.def Info: external/images/cross-square.png  used on input line 7132.
(pdftex.def)             Requested size: 74.3pt x 74.30083pt.

Underfull \hbox (badness 10000) in paragraph at lines 7133--7134
[]\T1/lmr/bx/n/10 (+20) Figure 24.10
 []

File: external/images/cross-square.png Graphic file (type png)
<use external/images/cross-square.png>
Package pdftex.def Info: external/images/cross-square.png  used on input line 7138.
(pdftex.def)             Requested size: 216.20232pt x 216.20638pt.
File: external/images/cross-square.png Graphic file (type png)
<use external/images/cross-square.png>
Package pdftex.def Info: external/images/cross-square.png  used on input line 7147.
(pdftex.def)             Requested size: 9.20193pt x 9.20183pt.
File: external/images/cross-square.png Graphic file (type png)
<use external/images/cross-square.png>
Package pdftex.def Info: external/images/cross-square.png  used on input line 7150.
(pdftex.def)             Requested size: 65.09807pt x 65.099pt.
File: external/images/cross-square.png Graphic file (type png)
<use external/images/cross-square.png>
Package pdftex.def Info: external/images/cross-square.png  used on input line 7153.
(pdftex.def)             Requested size: 86.59961pt x 86.5965pt.
File: external/images/cross-square.png Graphic file (type png)
<use external/images/cross-square.png>
Package pdftex.def Info: external/images/cross-square.png  used on input line 7156.
(pdftex.def)             Requested size: 35.00116pt x 35.00005pt.
File: external/images/cross-square.png Graphic file (type png)
<use external/images/cross-square.png>
Package pdftex.def Info: external/images/cross-square.png  used on input line 7159.
(pdftex.def)             Requested size: 108.10115pt x 108.10011pt.
************************************************
Subsection 26.5 Text Next to Text and Images
************************************************


[147]
Underfull \hbox (badness 1142) in paragraph at lines 7173--7174
\T1/lmr/m/n/10 (+20) here is some text
 []


Underfull \hbox (badness 1142) in paragraph at lines 7173--7174
\T1/lmr/m/n/10 (+20) here is some text
 []


Underfull \hbox (badness 1142) in paragraph at lines 7173--7174
\T1/lmr/m/n/10 (+20) here is some text
 []


Underfull \hbox (badness 1142) in paragraph at lines 7173--7174
\T1/lmr/m/n/10 (+20) here is some text
 []


Underfull \hbox (badness 1142) in paragraph at lines 7173--7174
\T1/lmr/m/n/10 (+20) here is some text
 []


Underfull \hbox (badness 1142) in paragraph at lines 7173--7174
\T1/lmr/m/n/10 (+20) here is some text
 []


Underfull \hbox (badness 1142) in paragraph at lines 7173--7174
\T1/lmr/m/n/10 (+20) here is some text
 []


Underfull \hbox (badness 1142) in paragraph at lines 7173--7174
\T1/lmr/m/n/10 (+20) here is some text
 []


Underfull \hbox (badness 1142) in paragraph at lines 7173--7174
\T1/lmr/m/n/10 (+20) here is some text
 []


Underfull \hbox (badness 1142) in paragraph at lines 7173--7174
\T1/lmr/m/n/10 (+20) here is some text
 []


Underfull \hbox (badness 1142) in paragraph at lines 7173--7174
\T1/lmr/m/n/10 (+20) here is some text
 []


Underfull \hbox (badness 1142) in paragraph at lines 7173--7174
\T1/lmr/m/n/10 (+20) here is some text
 []


Underfull \hbox (badness 1142) in paragraph at lines 7173--7174
\T1/lmr/m/n/10 (+20) here is some text
 []


Underfull \hbox (badness 1142) in paragraph at lines 7173--7174
\T1/lmr/m/n/10 (+20) here is some text
 []


Underfull \hbox (badness 1142) in paragraph at lines 7173--7174
\T1/lmr/m/n/10 (+20) here is some text
 []


Underfull \hbox (badness 1142) in paragraph at lines 7173--7174
\T1/lmr/m/n/10 (+20) here is some text
 []


Underfull \hbox (badness 1142) in paragraph at lines 7173--7174
\T1/lmr/m/n/10 (+20) here is some text
 []


Underfull \hbox (badness 1142) in paragraph at lines 7173--7174
\T1/lmr/m/n/10 (+20) here is some text
 []


Underfull \hbox (badness 1142) in paragraph at lines 7173--7174
\T1/lmr/m/n/10 (+20) here is some text
 []


Underfull \hbox (badness 1142) in paragraph at lines 7176--7177
\T1/lmr/m/n/10 (+20) here is some text
 []


Underfull \hbox (badness 1142) in paragraph at lines 7176--7177
\T1/lmr/m/n/10 (+20) here is some text
 []


Underfull \hbox (badness 1142) in paragraph at lines 7176--7177
\T1/lmr/m/n/10 (+20) here is some text
 []


Underfull \hbox (badness 1142) in paragraph at lines 7178--7179
\T1/lmr/m/n/10 (+20) here is some text
 []


Underfull \hbox (badness 1142) in paragraph at lines 7178--7179
\T1/lmr/m/n/10 (+20) here is some text
 []


Underfull \hbox (badness 1142) in paragraph at lines 7178--7179
\T1/lmr/m/n/10 (+20) here is some text
 []


Underfull \hbox (badness 1142) in paragraph at lines 7180--7181
\T1/lmr/m/n/10 (+20) here is some text
 []


Underfull \hbox (badness 1142) in paragraph at lines 7180--7181
\T1/lmr/m/n/10 (+20) here is some text
 []


Underfull \hbox (badness 1142) in paragraph at lines 7180--7181
\T1/lmr/m/n/10 (+20) here is some text
 []


Underfull \hbox (badness 1142) in paragraph at lines 7183--7184
\T1/lmr/m/n/10 (+20) here is some text
 []


Underfull \hbox (badness 1142) in paragraph at lines 7183--7184
\T1/lmr/m/n/10 (+20) here is some text
 []


Underfull \hbox (badness 1142) in paragraph at lines 7183--7184
\T1/lmr/m/n/10 (+20) here is some text
 []


Underfull \hbox (badness 1142) in paragraph at lines 7187--7188
\T1/lmr/m/n/10 (+20) here is some text
 []


Underfull \hbox (badness 1142) in paragraph at lines 7187--7188
\T1/lmr/m/n/10 (+20) here is some text
 []


Underfull \hbox (badness 1142) in paragraph at lines 7187--7188
\T1/lmr/m/n/10 (+20) here is some text
 []

File: external/images/cross-square.png Graphic file (type png)
<use external/images/cross-square.png>
Package pdftex.def Info: external/images/cross-square.png  used on input line 7197.
(pdftex.def)             Requested size: 86.59961pt x 86.5965pt.
File: external/images/cross-square.png Graphic file (type png)
<use external/images/cross-square.png>
Package pdftex.def Info: external/images/cross-square.png  used on input line 7208.
(pdftex.def)             Requested size: 87.19962pt x 87.19688pt.
************************************************
Subsection 26.6 Image Formats, Side-by-Sides
************************************************


[148]
File: external/images/complete-graph.pdf Graphic file (type pdf)
<use external/images/complete-graph.pdf>
Package pdftex.def Info: external/images/complete-graph.pdf  used on input line 7224.
(pdftex.def)             Requested size: 129.60269pt x 129.60625pt.
<external/images/led-zeppelin-kashmir.jpg, id=3546, 120.45pt x 90.3375pt>
File: external/images/led-zeppelin-kashmir.jpg Graphic file (type jpg)
<use external/images/led-zeppelin-kashmir.jpg>
Package pdftex.def Info: external/images/led-zeppelin-kashmir.jpg  used on input line 7227.
(pdftex.def)             Requested size: 129.60269pt x 97.21152pt.

************************************************
Subsection 26.7 Tables Side-By-Side
************************************************


[149 <./external/images/led-zeppelin-kashmir.jpg>]
************************************************
Subsection 26.8 Tables Next to Figures
************************************************
File: external/images/cross-square.png Graphic file (type png)
<use external/images/cross-square.png>
Package pdftex.def Info: external/images/cross-square.png  used on input line 7430.
(pdftex.def)             Requested size: 216.20232pt x 216.20638pt.
File: external/images/cross-square.png Graphic file (type png)
<use external/images/cross-square.png>
Package pdftex.def Info: external/images/cross-square.png  used on input line 7455.
(pdftex.def)             Requested size: 216.50232pt x 216.50656pt.


[150]
************************************************
Subsection 26.9 Tables Next to Text
************************************************

Underfull \hbox (badness 1142) in paragraph at lines 7489--7490
\T1/lmr/m/n/10 (+20) here is some text
 []


Underfull \hbox (badness 1142) in paragraph at lines 7489--7490
\T1/lmr/m/n/10 (+20) here is some text
 []


Underfull \hbox (badness 1142) in paragraph at lines 7489--7490
\T1/lmr/m/n/10 (+20) here is some text
 []


Underfull \hbox (badness 1142) in paragraph at lines 7491--7492
\T1/lmr/m/n/10 (+20) here is some text
 []


Underfull \hbox (badness 1142) in paragraph at lines 7491--7492
\T1/lmr/m/n/10 (+20) here is some text
 []


Underfull \hbox (badness 1142) in paragraph at lines 7491--7492
\T1/lmr/m/n/10 (+20) here is some text
 []


Underfull \hbox (badness 1142) in paragraph at lines 7493--7494
\T1/lmr/m/n/10 (+20) here is some text
 []


Underfull \hbox (badness 1142) in paragraph at lines 7493--7494
\T1/lmr/m/n/10 (+20) here is some text
 []


Underfull \hbox (badness 1142) in paragraph at lines 7493--7494
\T1/lmr/m/n/10 (+20) here is some text
 []


Underfull \hbox (badness 1142) in paragraph at lines 7496--7497
\T1/lmr/m/n/10 (+20) here is some text
 []


Underfull \hbox (badness 1142) in paragraph at lines 7496--7497
\T1/lmr/m/n/10 (+20) here is some text
 []


Underfull \hbox (badness 1142) in paragraph at lines 7496--7497
\T1/lmr/m/n/10 (+20) here is some text
 []


Underfull \hbox (badness 1142) in paragraph at lines 7498--7499
\T1/lmr/m/n/10 (+20) here is some text
 []


Underfull \hbox (badness 1142) in paragraph at lines 7498--7499
\T1/lmr/m/n/10 (+20) here is some text
 []


Underfull \hbox (badness 1142) in paragraph at lines 7498--7499
\T1/lmr/m/n/10 (+20) here is some text
 []

************************************************
Subsection 26.10 Tabular Next to Each Other
************************************************


[151]
************************************************
Subsection 26.11 Lists in Side-by-Sides
************************************************


[152]

[153]
<external/images/cross-rectangle.png, id=3692, 401.5pt x 100.375pt>
File: external/images/cross-rectangle.png Graphic file (type png)
<use external/images/cross-rectangle.png>
Package pdftex.def Info: external/images/cross-rectangle.png  used on input line 7671.
(pdftex.def)             Requested size: 347.90465pt x 86.98245pt.

************************************************
Subsection 26.12 Stacking: Back to Vertical Flow
************************************************
File: external/images/cross-rectangle.png Graphic file (type png)
<use external/images/cross-rectangle.png>
Package pdftex.def Info: external/images/cross-rectangle.png  used on input line 7696.
(pdftex.def)             Requested size: 237.10385pt x 59.27739pt.
File: external/images/cross-rectangle.png Graphic file (type png)
<use external/images/cross-rectangle.png>
Package pdftex.def Info: external/images/cross-rectangle.png  used on input line 7699.
(pdftex.def)             Requested size: 151.10425pt x 37.77682pt.
File: external/images/cross-square.png Graphic file (type png)
<use external/images/cross-square.png>
Package pdftex.def Info: external/images/cross-square.png  used on input line 7707.
(pdftex.def)             Requested size: 258.6054pt x 258.61937pt.


[154 <./external/images/cross-rectangle.png>]
File: external/images/cross-square.png Graphic file (type png)
<use external/images/cross-square.png>
Package pdftex.def Info: external/images/cross-square.png  used on input line 7725.
(pdftex.def)             Requested size: 129.60269pt x 129.60374pt.

Underfull \hbox (badness 10000) in paragraph at lines 7725--7739
\T1/lmr/m/n/10 (+20) Para-graph
 []

File: external/images/cross-square.png Graphic file (type png)
<use external/images/cross-square.png>
Package pdftex.def Info: external/images/cross-square.png  used on input line 7741.
(pdftex.def)             Requested size: 108.10115pt x 108.10011pt.
File: external/images/cubic-function.png Graphic file (type png)
<use external/images/cubic-function.png>
Package pdftex.def Info: external/images/cubic-function.png  used on input line 7773.
(pdftex.def)             Requested size: 250.35147pt x 186.4848pt.


[155]
************************************************
Subsection 26.13 Other Panels
************************************************


[156]
<external/images/keller-trotter-graph.pdf, id=3741, 234.8775pt x 165.61874pt>
File: external/images/keller-trotter-graph.pdf Graphic file (type pdf)
<use external/images/keller-trotter-graph.pdf>
Package pdftex.def Info: external/images/keller-trotter-graph.pdf  used on input line 7887.
(pdftex.def)             Requested size: 172.83922pt x 121.87361pt.

************************************************
Subsection 26.14 Poems as Side-By-Side Panels
************************************************


[157 <./external/images/keller-trotter-graph.pdf>]
Underfull \hbox (badness 1946) in paragraph at lines 7954--7960
\T1/lmr/m/n/10 (+20) But that the roar of thy
 []

************************************************
Subsection 26.15 Side-By-Side Groups
************************************************

Overfull \hbox (11.07307pt too wide) in paragraph at lines 7977--7978
[]\T1/lmr/m/n/10 (-20) One. 
 []


Overfull \hbox (11.59464pt too wide) in paragraph at lines 7981--7982
[]\T1/lmr/m/n/10 (-20) Two. 
 []


Overfull \hbox (18.72217pt too wide) in paragraph at lines 7985--7986
[]\T1/lmr/m/n/10 (-20) Three. 
 []



[158]

[159]
File: external/images/cross-rectangle.png Graphic file (type png)
<use external/images/cross-rectangle.png>
Package pdftex.def Info: external/images/cross-rectangle.png  used on input line 8113.
(pdftex.def)             Requested size: 87.19962pt x 21.79921pt.
File: external/images/cross-rectangle.png Graphic file (type png)
<use external/images/cross-rectangle.png>
Package pdftex.def Info: external/images/cross-rectangle.png  used on input line 8119.
(pdftex.def)             Requested size: 87.19962pt x 21.79921pt.
File: external/images/cross-rectangle.png Graphic file (type png)
<use external/images/cross-rectangle.png>
Package pdftex.def Info: external/images/cross-rectangle.png  used on input line 8125.
(pdftex.def)             Requested size: 87.19962pt x 21.79921pt.
File: external/images/cross-rectangle.png Graphic file (type png)
<use external/images/cross-rectangle.png>
Package pdftex.def Info: external/images/cross-rectangle.png  used on input line 8131.
(pdftex.def)             Requested size: 87.19962pt x 21.79921pt.


[160]
File: external/images/cross-rectangle.png Graphic file (type png)
<use external/images/cross-rectangle.png>
Package pdftex.def Info: external/images/cross-rectangle.png  used on input line 8139.
(pdftex.def)             Requested size: 87.19962pt x 21.79921pt.
File: external/images/cross-rectangle.png Graphic file (type png)
<use external/images/cross-rectangle.png>
Package pdftex.def Info: external/images/cross-rectangle.png  used on input line 8145.
(pdftex.def)             Requested size: 87.19962pt x 21.79921pt.
File: external/images/cross-rectangle.png Graphic file (type png)
<use external/images/cross-rectangle.png>
Package pdftex.def Info: external/images/cross-rectangle.png  used on input line 8151.
(pdftex.def)             Requested size: 87.19962pt x 21.79921pt.
File: external/images/cross-rectangle.png Graphic file (type png)
<use external/images/cross-rectangle.png>
Package pdftex.def Info: external/images/cross-rectangle.png  used on input line 8157.
(pdftex.def)             Requested size: 87.19962pt x 21.79921pt.
File: external/images/cross-rectangle.png Graphic file (type png)
<use external/images/cross-rectangle.png>
Package pdftex.def Info: external/images/cross-rectangle.png  used on input line 8165.
(pdftex.def)             Requested size: 87.19962pt x 21.79921pt.
File: external/images/cross-rectangle.png Graphic file (type png)
<use external/images/cross-rectangle.png>
Package pdftex.def Info: external/images/cross-rectangle.png  used on input line 8171.
(pdftex.def)             Requested size: 87.19962pt x 21.79921pt.
File: external/images/cross-rectangle.png Graphic file (type png)
<use external/images/cross-rectangle.png>
Package pdftex.def Info: external/images/cross-rectangle.png  used on input line 8177.
(pdftex.def)             Requested size: 87.19962pt x 21.79921pt.
File: external/images/cross-rectangle.png Graphic file (type png)
<use external/images/cross-rectangle.png>
Package pdftex.def Info: external/images/cross-rectangle.png  used on input line 8183.
(pdftex.def)             Requested size: 87.19962pt x 21.79921pt.
File: external/images/cross-rectangle.png Graphic file (type png)
<use external/images/cross-rectangle.png>
Package pdftex.def Info: external/images/cross-rectangle.png  used on input line 8194.
(pdftex.def)             Requested size: 87.31961pt x 21.82985pt.
File: external/images/cross-rectangle.png Graphic file (type png)
<use external/images/cross-rectangle.png>
Package pdftex.def Info: external/images/cross-rectangle.png  used on input line 8200.
(pdftex.def)             Requested size: 87.31961pt x 21.82985pt.
File: external/images/cross-rectangle.png Graphic file (type png)
<use external/images/cross-rectangle.png>
Package pdftex.def Info: external/images/cross-rectangle.png  used on input line 8206.
(pdftex.def)             Requested size: 87.31961pt x 21.82985pt.
File: external/images/cross-rectangle.png Graphic file (type png)
<use external/images/cross-rectangle.png>
Package pdftex.def Info: external/images/cross-rectangle.png  used on input line 8212.
(pdftex.def)             Requested size: 87.31961pt x 21.82985pt.
File: external/images/cross-rectangle.png Graphic file (type png)
<use external/images/cross-rectangle.png>
Package pdftex.def Info: external/images/cross-rectangle.png  used on input line 8220.
(pdftex.def)             Requested size: 87.31961pt x 21.82985pt.
File: external/images/cross-rectangle.png Graphic file (type png)
<use external/images/cross-rectangle.png>
Package pdftex.def Info: external/images/cross-rectangle.png  used on input line 8226.
(pdftex.def)             Requested size: 87.31961pt x 21.82985pt.
File: external/images/cross-rectangle.png Graphic file (type png)
<use external/images/cross-rectangle.png>
Package pdftex.def Info: external/images/cross-rectangle.png  used on input line 8232.
(pdftex.def)             Requested size: 87.31961pt x 21.82985pt.
File: external/images/cross-rectangle.png Graphic file (type png)
<use external/images/cross-rectangle.png>
Package pdftex.def Info: external/images/cross-rectangle.png  used on input line 8238.
(pdftex.def)             Requested size: 87.31961pt x 21.82985pt.
File: external/images/cross-rectangle.png Graphic file (type png)
<use external/images/cross-rectangle.png>
Package pdftex.def Info: external/images/cross-rectangle.png  used on input line 8246.
(pdftex.def)             Requested size: 87.31961pt x 21.82985pt.
File: external/images/cross-rectangle.png Graphic file (type png)
<use external/images/cross-rectangle.png>
Package pdftex.def Info: external/images/cross-rectangle.png  used on input line 8252.
(pdftex.def)             Requested size: 87.31961pt x 21.82985pt.
File: external/images/cross-rectangle.png Graphic file (type png)
<use external/images/cross-rectangle.png>
Package pdftex.def Info: external/images/cross-rectangle.png  used on input line 8258.
(pdftex.def)             Requested size: 87.31961pt x 21.82985pt.
File: external/images/cross-rectangle.png Graphic file (type png)
<use external/images/cross-rectangle.png>
Package pdftex.def Info: external/images/cross-rectangle.png  used on input line 8264.
(pdftex.def)             Requested size: 87.31961pt x 21.82985pt.
File: external/images/cross-rectangle.png Graphic file (type png)
<use external/images/cross-rectangle.png>
Package pdftex.def Info: external/images/cross-rectangle.png  used on input line 8275.
(pdftex.def)             Requested size: 87.19962pt x 21.79921pt.
File: external/images/cross-rectangle.png Graphic file (type png)
<use external/images/cross-rectangle.png>
Package pdftex.def Info: external/images/cross-rectangle.png  used on input line 8281.
(pdftex.def)             Requested size: 87.19962pt x 21.79921pt.
File: external/images/cross-rectangle.png Graphic file (type png)
<use external/images/cross-rectangle.png>
Package pdftex.def Info: external/images/cross-rectangle.png  used on input line 8287.
(pdftex.def)             Requested size: 87.19962pt x 21.79921pt.
File: external/images/cross-rectangle.png Graphic file (type png)
<use external/images/cross-rectangle.png>
Package pdftex.def Info: external/images/cross-rectangle.png  used on input line 8293.
(pdftex.def)             Requested size: 87.19962pt x 21.79921pt.
File: external/images/cross-rectangle.png Graphic file (type png)
<use external/images/cross-rectangle.png>
Package pdftex.def Info: external/images/cross-rectangle.png  used on input line 8301.
(pdftex.def)             Requested size: 22.70155pt x 5.67456pt.

Overfull \hbox (36.87448pt too wide) in paragraph at lines 8302--8303
[]\T1/lmr/bx/n/10 (-20) Figure 24.47 
 []

File: external/images/cross-rectangle.png Graphic file (type png)
<use external/images/cross-rectangle.png>
Package pdftex.def Info: external/images/cross-rectangle.png  used on input line 8307.
(pdftex.def)             Requested size: 44.2031pt x 11.05046pt.

Overfull \hbox (15.66043pt too wide) in paragraph at lines 8308--8309
[]\T1/lmr/bx/n/10 (-20) Figure 24.48 
 []

File: external/images/cross-rectangle.png Graphic file (type png)
<use external/images/cross-rectangle.png>
Package pdftex.def Info: external/images/cross-rectangle.png  used on input line 8313.
(pdftex.def)             Requested size: 87.19962pt x 21.79921pt.
File: external/images/cross-rectangle.png Graphic file (type png)
<use external/images/cross-rectangle.png>
Package pdftex.def Info: external/images/cross-rectangle.png  used on input line 8319.
(pdftex.def)             Requested size: 130.2027pt x 32.55103pt.
File: external/images/cross-rectangle.png Graphic file (type png)
<use external/images/cross-rectangle.png>
Package pdftex.def Info: external/images/cross-rectangle.png  used on input line 8327.
(pdftex.def)             Requested size: 87.19962pt x 21.79921pt.
File: external/images/cross-rectangle.png Graphic file (type png)
<use external/images/cross-rectangle.png>
Package pdftex.def Info: external/images/cross-rectangle.png  used on input line 8333.
(pdftex.def)             Requested size: 87.19962pt x 21.79921pt.
File: external/images/cross-rectangle.png Graphic file (type png)
<use external/images/cross-rectangle.png>
Package pdftex.def Info: external/images/cross-rectangle.png  used on input line 8339.
(pdftex.def)             Requested size: 87.19962pt x 21.79921pt.
File: external/images/cross-rectangle.png Graphic file (type png)
<use external/images/cross-rectangle.png>
Package pdftex.def Info: external/images/cross-rectangle.png  used on input line 8345.
(pdftex.def)             Requested size: 87.19962pt x 21.79921pt.


[161]
************************************************
Subsection 26.16 Testing a Side-By-Side First
************************************************
************************************************
Subsection 26.17 Testing Styling of Related Elements
************************************************
File: external/images/cross-square.png Graphic file (type png)
<use external/images/cross-square.png>
Package pdftex.def Info: external/images/cross-square.png  used on input line 8562.
(pdftex.def)             Requested size: 86.7196pt x 86.71902pt.


[162]
************************************************
Section 27 Side-by-Side Gallery
************************************************
\openout7 = `sample-article.listing'.

(./sample-article.listing
Overfull \hbox (0.6787pt too wide) in paragraph at lines 4--5
[][][][][][][][][][][][][][] 
 []

)
\openout7 = `sample-article.listing'.

 (./sample-article.listing)

[163]

[164]
File: external/images/cross-rectangle.png Graphic file (type png)
<use external/images/cross-rectangle.png>
Package pdftex.def Info: external/images/cross-rectangle.png  used on input line 8717.
(pdftex.def)             Requested size: 172.83922pt x 43.21094pt.
File: external/images/cross-rectangle.png Graphic file (type png)
<use external/images/cross-rectangle.png>
Package pdftex.def Info: external/images/cross-rectangle.png  used on input line 8720.
(pdftex.def)             Requested size: 194.37077pt x 48.59297pt.
File: external/images/cross-rectangle.png Graphic file (type png)
<use external/images/cross-rectangle.png>
Package pdftex.def Info: external/images/cross-rectangle.png  used on input line 8732.
(pdftex.def)             Requested size: 173.43922pt x 43.36104pt.


[165]
\openout7 = `sample-article.listing'.

 (./sample-article.listing)
************************************************
Section 28 Open Problems
************************************************


[166]
************************************************
Section 29 Poetry
************************************************


[167]
************************************************
Section 30 Atomic Objects
************************************************
************************************************
Subsection 30.1 \texttt {<image>}
************************************************
File: external/images/nz-landscape.jpg Graphic file (type jpg)
<use external/images/nz-landscape.jpg>
Package pdftex.def Info: external/images/nz-landscape.jpg  used on input line 8900.
(pdftex.def)             Requested size: 430.60463pt x 285.81386pt.


[168]
File: external/images/nz-landscape.jpg Graphic file (type jpg)
<use external/images/nz-landscape.jpg>
Package pdftex.def Info: external/images/nz-landscape.jpg  used on input line 8904.
(pdftex.def)             Requested size: 172.59923pt x 114.56288pt.
File: external/images/nz-landscape.jpg Graphic file (type jpg)
<use external/images/nz-landscape.jpg>
Package pdftex.def Info: external/images/nz-landscape.jpg  used on input line 8908.
(pdftex.def)             Requested size: 172.59923pt x 114.56288pt.


[169]
File: external/images/nz-landscape.jpg Graphic file (type jpg)
<use external/images/nz-landscape.jpg>
Package pdftex.def Info: external/images/nz-landscape.jpg  used on input line 8913.
(pdftex.def)             Requested size: 86.59961pt x 57.48053pt.
File: external/images/nz-landscape.jpg Graphic file (type jpg)
<use external/images/nz-landscape.jpg>
Package pdftex.def Info: external/images/nz-landscape.jpg  used on input line 8916.
(pdftex.def)             Requested size: 129.60269pt x 86.02269pt.
File: external/images/nz-landscape.jpg Graphic file (type jpg)
<use external/images/nz-landscape.jpg>
Package pdftex.def Info: external/images/nz-landscape.jpg  used on input line 8923.
(pdftex.def)             Requested size: 431.20464pt x 286.21205pt.


[170]
File: external/images/nz-landscape.jpg Graphic file (type jpg)
<use external/images/nz-landscape.jpg>
Package pdftex.def Info: external/images/nz-landscape.jpg  used on input line 8930.
(pdftex.def)             Requested size: 43.66309pt x 28.98132pt.
File: external/images/nz-landscape.jpg Graphic file (type jpg)
<use external/images/nz-landscape.jpg>
Package pdftex.def Info: external/images/nz-landscape.jpg  used on input line 8938.
(pdftex.def)             Requested size: 87.19962pt x 57.87871pt.

Underfull \hbox (badness 3815) in paragraph at lines 8939--8940
[]\T1/lmr/bx/n/10 (+20) Figure 28.3 \T1/lmr/m/n/10 (+20) NZ
 []

File: external/images/nz-landscape.jpg Graphic file (type jpg)
<use external/images/nz-landscape.jpg>
Package pdftex.def Info: external/images/nz-landscape.jpg  used on input line 8944.
(pdftex.def)             Requested size: 130.2027pt x 86.42087pt.
File: external/images/nz-landscape.jpg Graphic file (type jpg)
<use external/images/nz-landscape.jpg>
Package pdftex.def Info: external/images/nz-landscape.jpg  used on input line 8955.
(pdftex.def)             Requested size: 87.31961pt x 57.95679pt.
File: external/images/nz-landscape.jpg Graphic file (type jpg)
<use external/images/nz-landscape.jpg>
Package pdftex.def Info: external/images/nz-landscape.jpg  used on input line 8961.
(pdftex.def)             Requested size: 130.3827pt x 86.53993pt.


[171]
File: external/images/nz-landscape.jpg Graphic file (type jpg)
<use external/images/nz-landscape.jpg>
Package pdftex.def Info: external/images/nz-landscape.jpg  used on input line 8971.
(pdftex.def)             Requested size: 122.10262pt x 81.04543pt.
File: external/images/nz-landscape.jpg Graphic file (type jpg)
<use external/images/nz-landscape.jpg>
Package pdftex.def Info: external/images/nz-landscape.jpg  used on input line 8975.
(pdftex.def)             Requested size: 405.6046pt x 269.22104pt.


[172]
<external/images/Yellow_Duck.png, id=4135, 385.44pt x 404.26031pt>
File: external/images/Yellow_Duck.png Graphic file (type png)
<use external/images/Yellow_Duck.png>
Package pdftex.def Info: external/images/Yellow_Duck.png  used on input line 8986.
(pdftex.def)             Requested size: 143.30032pt x 150.29568pt.
File: external/images/Yellow_Duck.png Graphic file (type png)
<use external/images/Yellow_Duck.png>
Package pdftex.def Info: external/images/Yellow_Duck.png  used on input line 8992.
(pdftex.def)             Requested size: 143.30032pt x 150.29568pt.

Overfull \hbox (34.0123pt too wide) in paragraph at lines 8992--8993
[] 
 []



pdfTeX warning: pdflatex (file ./external/images/propulsion_system.pdf): PDF inclusion: found PDF version <1.7>, but at most version <1.5> allowed
<external/images/propulsion_system.pdf, id=4136, 1099.46759pt x 626.34pt>
File: external/images/propulsion_system.pdf Graphic file (type pdf)
<use external/images/propulsion_system.pdf>
Package pdftex.def Info: external/images/propulsion_system.pdf  used on input line 9002.
(pdftex.def)             Requested size: 431.20464pt x 245.64784pt.


[173 <./external/images/Yellow_Duck.png>]
File: external/images/Yellow_Duck.png Graphic file (type png)
<use external/images/Yellow_Duck.png>
Package pdftex.def Info: external/images/Yellow_Duck.png  used on input line 9010.
(pdftex.def)             Requested size: 108.85117pt x 114.16057pt.

Overfull \hbox (18.1691pt too wide) in paragraph at lines 9010--9011
[] 
 []

File: external/images/propulsion_system.pdf Graphic file (type pdf)
<use external/images/propulsion_system.pdf>
Package pdftex.def Info: external/images/propulsion_system.pdf  used on input line 9016.
(pdftex.def)             Requested size: 302.62193pt x 172.39217pt.
File: external/images/nz-landscape.jpg Graphic file (type jpg)
<use external/images/nz-landscape.jpg>
Package pdftex.def Info: external/images/nz-landscape.jpg  used on input line 9027.
(pdftex.def)             Requested size: 122.10262pt x 81.04543pt.


[174 <./external/images/propulsion_system.pdf>]
File: external/images/nz-landscape.jpg Graphic file (type jpg)
<use external/images/nz-landscape.jpg>
Package pdftex.def Info: external/images/nz-landscape.jpg  used on input line 9030.
(pdftex.def)             Requested size: 405.6046pt x 269.22104pt.

************************************************
Subsection 30.2 \texttt {<video>}
************************************************


[175]
File: external/preview/ups-promo-preview.jpg Graphic file (type jpg)
<use external/preview/ups-promo-preview.jpg>
Package pdftex.def Info: external/preview/ups-promo-preview.jpg  used on input line 9057.
(pdftex.def)             Requested size: 202.7027pt x 100.6234pt.
<generated/qrcode/ups-promo-7.png, id=4258, 411.5375pt x 411.5375pt>
File: generated/qrcode/ups-promo-7.png Graphic file (type png)
<use generated/qrcode/ups-promo-7.png>
Package pdftex.def Info: generated/qrcode/ups-promo-7.png  used on input line 9060.
(pdftex.def)             Requested size: 90.90385pt x 90.90274pt.
<generated/youtube/pre-roll-countdown-7.jpg, id=4260, 120.45pt x 90.3375pt>
File: generated/youtube/pre-roll-countdown-7.jpg Graphic file (type jpg)
<use generated/youtube/pre-roll-countdown-7.jpg>
Package pdftex.def Info: generated/youtube/pre-roll-countdown-7.jpg  used on input line 9068.
(pdftex.def)             Requested size: 202.7027pt x 152.04163pt.
<generated/qrcode/pre-roll-countdown-7.png, id=4261, 331.2375pt x 331.2375pt>
File: generated/qrcode/pre-roll-countdown-7.png Graphic file (type png)
<use generated/qrcode/pre-roll-countdown-7.png>
Package pdftex.def Info: generated/qrcode/pre-roll-countdown-7.png  used on input line 9071.
(pdftex.def)             Requested size: 90.90385pt x 90.90105pt.
File: external/preview/ups-promo-preview.jpg Graphic file (type jpg)
<use external/preview/ups-promo-preview.jpg>
Package pdftex.def Info: external/preview/ups-promo-preview.jpg  used on input line 9079.
(pdftex.def)             Requested size: 202.7027pt x 100.6234pt.
<generated/qrcode/ups-promo-8.png, id=4263, 411.5375pt x 411.5375pt>
File: generated/qrcode/ups-promo-8.png Graphic file (type png)
<use generated/qrcode/ups-promo-8.png>
Package pdftex.def Info: generated/qrcode/ups-promo-8.png  used on input line 9082.
(pdftex.def)             Requested size: 90.90385pt x 90.90274pt.


[176 <./generated/qrcode/ups-promo-7.png> <./generated/youtube/pre-roll-countdown-7.jpg> <./generated/qrcode/pre-roll-countdown-7.png> <./generated/qrcode/ups-promo-8.png>]
<generated/youtube/pre-roll-countdown-8.jpg, id=4278, 120.45pt x 90.3375pt>
File: generated/youtube/pre-roll-countdown-8.jpg Graphic file (type jpg)
<use generated/youtube/pre-roll-countdown-8.jpg>
Package pdftex.def Info: generated/youtube/pre-roll-countdown-8.jpg  used on input line 9090.
(pdftex.def)             Requested size: 202.7027pt x 152.04163pt.
<generated/qrcode/pre-roll-countdown-8.png, id=4279, 331.2375pt x 331.2375pt>
File: generated/qrcode/pre-roll-countdown-8.png Graphic file (type png)
<use generated/qrcode/pre-roll-countdown-8.png>
Package pdftex.def Info: generated/qrcode/pre-roll-countdown-8.png  used on input line 9093.
(pdftex.def)             Requested size: 90.90385pt x 90.90105pt.
File: external/preview/ups-promo-preview.jpg Graphic file (type jpg)
<use external/preview/ups-promo-preview.jpg>
Package pdftex.def Info: external/preview/ups-promo-preview.jpg  used on input line 9101.
(pdftex.def)             Requested size: 202.7027pt x 100.6234pt.
<generated/qrcode/ups-promo-9.png, id=4281, 411.5375pt x 411.5375pt>
File: generated/qrcode/ups-promo-9.png Graphic file (type png)
<use generated/qrcode/ups-promo-9.png>
Package pdftex.def Info: generated/qrcode/ups-promo-9.png  used on input line 9104.
(pdftex.def)             Requested size: 90.90385pt x 90.90274pt.
<generated/youtube/pre-roll-countdown-9.jpg, id=4283, 120.45pt x 90.3375pt>
File: generated/youtube/pre-roll-countdown-9.jpg Graphic file (type jpg)
<use generated/youtube/pre-roll-countdown-9.jpg>
Package pdftex.def Info: generated/youtube/pre-roll-countdown-9.jpg  used on input line 9112.
(pdftex.def)             Requested size: 202.7027pt x 152.04163pt.
<generated/qrcode/pre-roll-countdown-9.png, id=4284, 331.2375pt x 331.2375pt>
File: generated/qrcode/pre-roll-countdown-9.png Graphic file (type png)
<use generated/qrcode/pre-roll-countdown-9.png>
Package pdftex.def Info: generated/qrcode/pre-roll-countdown-9.png  used on input line 9115.
(pdftex.def)             Requested size: 90.90385pt x 90.90105pt.
File: external/preview/ups-promo-preview.jpg Graphic file (type jpg)
<use external/preview/ups-promo-preview.jpg>
Package pdftex.def Info: external/preview/ups-promo-preview.jpg  used on input line 9128.
(pdftex.def)             Requested size: 202.9847pt x 100.7639pt.
<generated/qrcode/ups-promo-11.png, id=4286, 411.5375pt x 411.5375pt>
File: generated/qrcode/ups-promo-11.png Graphic file (type png)
<use generated/qrcode/ups-promo-11.png>
Package pdftex.def Info: generated/qrcode/ups-promo-11.png  used on input line 9131.
(pdftex.def)             Requested size: 91.02986pt x 91.02834pt.


[177 <./generated/youtube/pre-roll-countdown-8.jpg> <./generated/qrcode/pre-roll-countdown-8.png> <./generated/qrcode/ups-promo-9.png> <./generated/youtube/pre-roll-countdown-9.jpg> <./generated/qrcode/pre-roll-countdown-9.png>]
<generated/youtube/pre-roll-countdown-11.jpg, id=4301, 120.45pt x 90.3375pt>
File: generated/youtube/pre-roll-countdown-11.jpg Graphic file (type jpg)
<use generated/youtube/pre-roll-countdown-11.jpg>
Package pdftex.def Info: generated/youtube/pre-roll-countdown-11.jpg  used on input line 9141.
(pdftex.def)             Requested size: 202.9847pt x 152.2539pt.
<generated/qrcode/pre-roll-countdown-11.png, id=4302, 331.2375pt x 331.2375pt>
File: generated/qrcode/pre-roll-countdown-11.png Graphic file (type png)
<use generated/qrcode/pre-roll-countdown-11.png>
Package pdftex.def Info: generated/qrcode/pre-roll-countdown-11.png  used on input line 9144.
(pdftex.def)             Requested size: 91.02986pt x 91.0274pt.
File: external/preview/ups-promo-preview.jpg Graphic file (type jpg)
<use external/preview/ups-promo-preview.jpg>
Package pdftex.def Info: external/preview/ups-promo-preview.jpg  used on input line 9154.
(pdftex.def)             Requested size: 202.9847pt x 100.7639pt.
<generated/qrcode/ups-promo-12.png, id=4304, 411.5375pt x 411.5375pt>
File: generated/qrcode/ups-promo-12.png Graphic file (type png)
<use generated/qrcode/ups-promo-12.png>
Package pdftex.def Info: generated/qrcode/ups-promo-12.png  used on input line 9157.
(pdftex.def)             Requested size: 91.02986pt x 91.02834pt.
<generated/youtube/pre-roll-countdown-12.jpg, id=4306, 120.45pt x 90.3375pt>
File: generated/youtube/pre-roll-countdown-12.jpg Graphic file (type jpg)
<use generated/youtube/pre-roll-countdown-12.jpg>
Package pdftex.def Info: generated/youtube/pre-roll-countdown-12.jpg  used on input line 9167.
(pdftex.def)             Requested size: 202.9847pt x 152.2539pt.
<generated/qrcode/pre-roll-countdown-12.png, id=4307, 331.2375pt x 331.2375pt>
File: generated/qrcode/pre-roll-countdown-12.png Graphic file (type png)
<use generated/qrcode/pre-roll-countdown-12.png>
Package pdftex.def Info: generated/qrcode/pre-roll-countdown-12.png  used on input line 9170.
(pdftex.def)             Requested size: 91.02986pt x 91.0274pt.


[178 <./generated/qrcode/ups-promo-11.png> <./generated/youtube/pre-roll-countdown-11.jpg> <./generated/qrcode/pre-roll-countdown-11.png> <./generated/qrcode/ups-promo-12.png>]
<generated/youtube/pre-roll-countdown-13.jpg, id=4329, 120.45pt x 90.3375pt>
File: generated/youtube/pre-roll-countdown-13.jpg Graphic file (type jpg)
<use generated/youtube/pre-roll-countdown-13.jpg>
Package pdftex.def Info: generated/youtube/pre-roll-countdown-13.jpg  used on input line 9182.
(pdftex.def)             Requested size: 41.58392pt x 31.18713pt.
<generated/qrcode/pre-roll-countdown-13.png, id=4330, 331.2375pt x 331.2375pt>
File: generated/qrcode/pre-roll-countdown-13.png Graphic file (type png)
<use generated/qrcode/pre-roll-countdown-13.png>
Package pdftex.def Info: generated/qrcode/pre-roll-countdown-13.png  used on input line 9185.
(pdftex.def)             Requested size: 18.9125pt x 18.90802pt.

Overfull \hbox (2.28415pt too wide) in paragraph at lines 9185--9187
[][]\T1/lmr/m/n/10 (-20) Stan-
 []


Overfull \hbox (8.85406pt too wide) in paragraph at lines 9185--9187
\T1/lmr/m/n/10 (-20) dalone[][] 
 []

File: external/preview/ups-promo-preview.jpg Graphic file (type jpg)
<use external/preview/ups-promo-preview.jpg>
Package pdftex.def Info: external/preview/ups-promo-preview.jpg  used on input line 9196.
(pdftex.def)             Requested size: 61.79543pt x 30.6756pt.
<generated/qrcode/ups-promo-13.png, id=4332, 411.5375pt x 411.5375pt>
File: generated/qrcode/ups-promo-13.png Graphic file (type png)
<use generated/qrcode/ups-promo-13.png>
Package pdftex.def Info: generated/qrcode/ups-promo-13.png  used on input line 9199.
(pdftex.def)             Requested size: 27.94344pt x 27.9377pt.

Underfull \hbox (badness 10000) in paragraph at lines 9199--9201
[][]\T1/lmr/m/n/10 (+20) Stan-
 []


Underfull \hbox (badness 8094) in paragraph at lines 9203--9204
\T1/lmr/m/n/10 (+20) Puget Sound Pro-mo-tional
 []

<generated/youtube/pre-roll-countdown-14.jpg, id=4336, 120.45pt x 90.3375pt>
File: generated/youtube/pre-roll-countdown-14.jpg Graphic file (type jpg)
<use generated/youtube/pre-roll-countdown-14.jpg>
Package pdftex.def Info: generated/youtube/pre-roll-countdown-14.jpg  used on input line 9215.
(pdftex.def)             Requested size: 41.64032pt x 31.22987pt.
<generated/qrcode/pre-roll-countdown-14.png, id=4337, 331.2375pt x 331.2375pt>
File: generated/qrcode/pre-roll-countdown-14.png Graphic file (type png)
<use generated/qrcode/pre-roll-countdown-14.png>
Package pdftex.def Info: generated/qrcode/pre-roll-countdown-14.png  used on input line 9218.
(pdftex.def)             Requested size: 18.9377pt x 18.93329pt.

Overfull \hbox (2.25896pt too wide) in paragraph at lines 9218--9220
[][]\T1/lmr/m/n/10 (-20) Stan-
 []


Overfull \hbox (8.82887pt too wide) in paragraph at lines 9218--9220
\T1/lmr/m/n/10 (-20) dalone[][] 
 []

File: external/preview/ups-promo-preview.jpg Graphic file (type jpg)
<use external/preview/ups-promo-preview.jpg>
Package pdftex.def Info: external/preview/ups-promo-preview.jpg  used on input line 9229.
(pdftex.def)             Requested size: 61.88004pt x 30.71393pt.
<generated/qrcode/ups-promo-14.png, id=4339, 411.5375pt x 411.5375pt>
File: generated/qrcode/ups-promo-14.png Graphic file (type png)
<use generated/qrcode/ups-promo-14.png>
Package pdftex.def Info: generated/qrcode/ups-promo-14.png  used on input line 9232.
(pdftex.def)             Requested size: 27.98125pt x 27.97539pt.

Underfull \hbox (badness 10000) in paragraph at lines 9232--9234
[][]\T1/lmr/m/n/10 (+20) Stan-
 []

************************************************
Subsection 30.3 \texttt {<program>}, \texttt {<console>}
************************************************


[179 <./generated/youtube/pre-roll-countdown-12.jpg> <./generated/qrcode/pre-roll-countdown-12.png> <./generated/youtube/pre-roll-countdown-13.jpg> <./generated/qrcode/pre-roll-countdown-13.png> <./generated/qrcode/ups-promo-13.png> <./generated/youtube/pre-roll-countdown-14.jpg> <./generated/qrcode/pre-roll-countdown-14.png> <./generated/qrcode/ups-promo-14.png>]
\openout7 = `sample-article.listing'.

 (./sample-article.listing)
\openout7 = `sample-article.listing'.

 (./sample-article.listing)
\openout7 = `sample-article.listing'.

 (./sample-article.listing)
\openout7 = `sample-article.listing'.

 (./sample-article.listing)

[180]
\openout7 = `sample-article.listing'.

 (./sample-article.listing)
\openout7 = `sample-article.listing'.

 (./sample-article.listing)
\openout7 = `sample-article.listing'.

 (./sample-article.listing)
\openout7 = `sample-article.listing'.

 (./sample-article.listing)
\openout7 = `sample-article.listing'.

 (./sample-article.listing)
\openout7 = `sample-article.listing'.

 (./sample-article.listing)

[181]
\openout7 = `sample-article.listing'.

 (./sample-article.listing)
\openout7 = `sample-article.listing'.

 (./sample-article.listing)
\openout7 = `sample-article.listing'.

 (./sample-article.listing
Overfull \hbox (43.91522pt too wide) in paragraph at lines 4--5
[][][][][][][][][][][][][][] 
 []

)
\openout7 = `sample-article.listing'.

 (./sample-article.listing)
\openout7 = `sample-article.listing'.

 (./sample-article.listing)
\openout7 = `sample-article.listing'.

 (./sample-article.listing
Overfull \hbox (43.73521pt too wide) in paragraph at lines 4--5
[][][][][][][][][][][][][][] 
 []

)

[182]
\openout7 = `sample-article.listing'.

 (./sample-article.listing)
\openout7 = `sample-article.listing'.

 (./sample-article.listing)
\openout7 = `sample-article.listing'.

 (./sample-article.listing)
\openout7 = `sample-article.listing'.

 (./sample-article.listing)
************************************************
Subsection 30.4 \texttt {<tabular>}
************************************************


[183]

[184]

[185]
Overfull \hbox (32.22911pt too wide) in paragraph at lines 9648--9655
 [][] 
 []



[186]
Underfull \hbox (badness 10000) in paragraph at lines 9810--9811
\T1/lmr/bx/n/10 (+20) Func-tion
 []


Underfull \hbox (badness 10000) in paragraph at lines 9848--9849
[]\T1/lmr/bx/n/10 (+20) (b) Func-
 []

************************************************
Section 31 Advanced Numbering
************************************************
************************************************
Subsection 31.1 One
************************************************
************************************************
Subsection 31.2 Two
************************************************
************************************************
Subsubsection 31.2.1 Uno
************************************************


[187]
************************************************
Subsubsection 31.2.2 Dos
************************************************
************************************************
Subsection 31.3 Three
************************************************
************************************************
Subsection 31.4 Four
************************************************
************************************************
Subsubsection 31.4.1 Uno
************************************************
************************************************
Subsubsection 31.4.2 Dos
************************************************
************************************************
Subsection 31.5 Five
************************************************


[188]
************************************************
Subsection 31.6 Theorems in This Section
************************************************

pdfTeX warning (ext4): destination with the same identifier (name{table.3}) has been already used, duplicate ignored
<to be read again> 
                   \relax 
l.10062 \end{longtable}
                       
************************************************
Subsection 31.7 A Title with ] a Right Bracket
************************************************
************************************************
Subsection 31.8 A Title with \textbraceright {} a Right Brace
************************************************
************************************************
Subsection 31.9 A Title with \(a]b\) a Math Right Bracket
************************************************


[189]

Package hyperref Warning: Token not allowed in a PDF string (Unicode):
(hyperref)                removing `math shift' on input line 10094.

************************************************
Subsection 31.10 Just an Exercise
************************************************
************************************************
Section 32 Customizations
************************************************
************************************************
Subsection 32.1 Renaming Document Parts, Plus This Is A Really Long Title So That We Can Test How Well It Reacts To The Right Margin And Wraps Around To Form A Couple Of Lines, Plus How It Sits Relative To The Number Of The Subsection
************************************************
************************************************
Subsection 32.2 Customizing Phrases
************************************************


[190]
************************************************
Section 33 MyOpenMath Interactive Problems
************************************************


[191]
Underfull \hbox (badness 10000) in paragraph at lines 10258--10258
[][]$\T1/zi4/m/it/9 denied : data : text / csv ; charset = UTF-[]8 ,[] %22x % 22 % 2C % 22y % 22 % 0A38 . 7 % 2C27 . 5 % 0A72 . 1 % 2C-[]3 . 1 % 0A27 . 1 %
 []


Underfull \hbox (badness 10000) in paragraph at lines 10258--10258
\T1/zi4/m/it/9 2C56 . 9 % 0A25 . 1 % 2C30 . 8 % 0A49 . 7 % 2C30 % 0A26 . 4 % 2C54 . 1 % 0A59 . 3 % 2C14 . 2 % 0A58 . 4 % 2C14 . 9 % 0A42 . 2 % 2C19 . 9 % 0A43 %
 []

<generated/problems/images/1f8e0896a14e2abba9ad8110fcaa6dfc.png, id=4717, 225.84375pt x 225.84375pt>
File: generated/problems/images/1f8e0896a14e2abba9ad8110fcaa6dfc.png Graphic file (type png)
<use generated/problems/images/1f8e0896a14e2abba9ad8110fcaa6dfc.png>
Package pdftex.def Info: generated/problems/images/1f8e0896a14e2abba9ad8110fcaa6dfc.png  used on input line 10263.
(pdftex.def)             Requested size: 215.60231pt x 215.61517pt.


[192]
************************************************
Section 34 Ancillaries
************************************************


[193 <./generated/problems/images/1f8e0896a14e2abba9ad8110fcaa6dfc.png (PNG copy)>]
************************************************
Section 35 Worksheets
************************************************
************************************************
Appendix A Notation
************************************************

pdfTeX warning (ext4): destination with the same identifier (name{table.3}) has been already used, duplicate ignored
<to be read again> 
                   \relax 
l.10339 \end{longtable}
                       

[194]
************************************************
Appendix F List of Results
************************************************
LaTeX Font Info:    Font shape `T1/zi4/m/n' will be
(Font)              scaled to size 12.0pt on input line 10370.

LaTeX Warning: Hyper reference `worksheet-networks-2-3' on page 195 undefined on input line 10397.


LaTeX Warning: Hyper reference `worksheet-networks-2-4' on page 195 undefined on input line 10398.


LaTeX Warning: Hyper reference `worksheet-networks-2-6' on page 195 undefined on input line 10399.


LaTeX Warning: Hyper reference `section-exercises-single-8' on page 195 undefined on input line 10401.


LaTeX Warning: Hyper reference `section-exercises-multiple-3-5' on page 195 undefined on input line 10404.


pdfTeX warning (ext4): destination with the same identifier (name{table.3}) has been already used, duplicate ignored
<to be read again> 
                   \relax 
l.10405 \end{longtable}
                        [195] [196]
************************************************
Appendix G Lists of Exercises
************************************************

pdfTeX warning (ext4): destination with the same identifier (name{table.3}) has been already used, duplicate ignored
<to be read again> 
                   \relax 
l.10430 \end{longtable}
                       

LaTeX Warning: Hyper reference `section-exercises-single-5' on page 197 undefined on input line 10490.


LaTeX Warning: Hyper reference `duplicate-inline' on page 197 undefined on input line 10491.


LaTeX Warning: Hyper reference `section-exercises-single-9' on page 197 undefined on input line 10492.


LaTeX Warning: Hyper reference `section-exercises-multiple-3-2' on page 197 undefined on input line 10494.


LaTeX Warning: Hyper reference `section-exercises-multiple-3-4' on page 197 undefined on input line 10495.


LaTeX Warning: Hyper reference `exercise-duplicate-inline' on page 197 undefined on input line 10496.


pdfTeX warning (ext4): destination with the same identifier (name{table.3}) has been already used, duplicate ignored
<to be read again> 
                   \relax 
l.10497 \end{longtable}
                        [197] [198] [199]
************************************************
Appendix H A Structured Appendix
************************************************
************************************************
Subsection H.1 A Subsection in an Appendix
************************************************
************************************************
Subsubsection H.1.1 A Subsubsection in a Subsection in an Appendix
************************************************
************************************************
Appendix I Index
************************************************


[200]
************************************************
Appendix J Multiple References
************************************************
************************************************
Subsection J.1 Multiple Specialized References
************************************************
************************************************
References J.2 General References
************************************************
************************************************
References J.3 Specialized References
************************************************


[201] (./sample-article.aux)
 ***********
LaTeX2e <2024-06-01> patch level 2
L3 programming layer <2024-09-10>
 ***********


LaTeX Font Warning: Size substitutions with differences
(Font)              up to 3.25pt have occurred.


LaTeX Font Warning: Some font shapes were not available, defaults substituted.


LaTeX Warning: There were undefined references.

Package rerunfilecheck Info: File `sample-article.out' has not changed.
(rerunfilecheck)             Checksum: 15CDA28ED85FFEA08907A70E36116020;24287.
 ) 
Here is how much of TeX's memory you used:
 82504 strings out of 473579
 2058193 string characters out of 5728228
 3855446 words of memory out of 5000000
 101422 multiletter control sequences out of 15000+600000
 781034 words of font info for 449 fonts, out of 8000000 for 9000
 1141 hyphenation exceptions out of 8191
 98i,24n,101p,1907b,3531s stack positions out of 10000i,1000n,20000p,200000b,200000s

pdfTeX warning (dest): name{short-answer-question} has been referenced but does not exist, replaced by a fixed one


pdfTeX warning (dest): name{subsection-intro-conclude-4-4-3} has been referenced but does not exist, replaced by a fixed one


pdfTeX warning (dest): name{subsection-intro-conclude-4-4-2} has been referenced but does not exist, replaced by a fixed one


pdfTeX warning (dest): name{section-interesting-corollary-5-5-3} has been referenced but does not exist, replaced by a fixed one


pdfTeX warning (dest): name{first-reading} has been referenced but does not exist, replaced by a fixed one


pdfTeX warning (dest): name{hard-subexercises} has been referenced but does not exist, replaced by a fixed one


pdfTeX warning (dest): name{exercise-collection} has been referenced but does not exist, replaced by a fixed one


pdfTeX warning (dest): name{references-backmatter} has been referenced but does not exist, replaced by a fixed one


pdfTeX warning (dest): name{derivatives} has been referenced but does not exist, replaced by a fixed one


pdfTeX warning (dest): name{description-list-math-title} has been referenced but does not exist, replaced by a fixed one


pdfTeX warning (dest): name{inductive-step} has been referenced but does not exist, replaced by a fixed one


pdfTeX warning (dest): name{hierarchy-structure} has been referenced but does not exist, replaced by a fixed one


pdfTeX warning (dest): name{bus-definition} has been referenced but does not exist, replaced by a fixed one


pdfTeX warning (dest): name{cpu-definition} has been referenced but does not exist, replaced by a fixed one


pdfTeX warning (dest): name{target-no-number} has been referenced but does not exist, replaced by a fixed one


pdfTeX warning (dest): name{rainbow-orange} has been referenced but does not exist, replaced by a fixed one


pdfTeX warning (dest): name{list-two-two-two} has been referenced but does not exist, replaced by a fixed one


pdfTeX warning (dest): name{list-two} has been referenced but does not exist, replaced by a fixed one


pdfTeX warning (dest): name{list-two-two-two-three} has been referenced but does not exist, replaced by a fixed one


pdfTeX warning (dest): name{exercise-vector-addition} has been referenced but does not exist, replaced by a fixed one


pdfTeX warning (dest): name{duplicate-divisional} has been referenced but does not exist, replaced by a fixed one


pdfTeX warning (dest): name{exercise-one-two-one} has been referenced but does not exist, replaced by a fixed one


pdfTeX warning (dest): name{exercise-complicated-first-answer} has been referenced but does not exist, replaced by a fixed one


pdfTeX warning (dest): name{exercise-complicated-second-hint} has been referenced but does not exist, replaced by a fixed one


pdfTeX warning (dest): name{solution-antiderivative} has been referenced but does not exist, replaced by a fixed one


pdfTeX warning (dest): name{exercisegroup-two-problems} has been referenced but does not exist, replaced by a fixed one


pdfTeX warning (dest): name{exercises-null-problem} has been referenced but does not exist, replaced by a fixed one


pdfTeX warning (dest): name{proof-FTC-corollary} has been referenced but does not exist, replaced by a fixed one


pdfTeX warning (dest): name{note-judson-AATA} has been referenced but does not exist, replaced by a fixed one


pdfTeX warning (dest): name{exercise-with-hardcoded-number} has been referenced but does not exist, replaced by a fixed one


pdfTeX warning (dest): name{exercises-cosine-derivative} has been referenced but does not exist, replaced by a fixed one


pdfTeX warning (dest): name{biblio-judson-AATA} has been referenced but does not exist, replaced by a fixed one


pdfTeX warning (dest): name{biblio-lay-article} has been referenced but does not exist, replaced by a fixed one

</usr/local/texlive/2024/texmf-dist/fonts/type1/public/fontawesome5/FontAwesome5Brands-Regular.pfb></usr/local/texlive/2024/texmf-dist/fonts/type1/public/fontawesome5/FontAwesome5Free-Solid.pfb></usr/local/texlive/2024/texmf-dist/fonts/type1/public/inconsolata/Inconsolata-zi4b.pfb></usr/local/texlive/2024/texmf-dist/fonts/type1/public/inconsolata/Inconsolata-zi4r.pfb></usr/local/texlive/2024/texmf-dist/fonts/type1/public/amsfonts/cm/cmex10.pfb></usr/local/texlive/2024/texmf-dist/fonts/type1/public/amsfonts/cm/cmmi12.pfb></usr/local/texlive/2024/texmf-dist/fonts/type1/public/amsfonts/cm/cmr12.pfb></usr/local/texlive/2024/texmf-dist/fonts/type1/public/amsfonts/cm/cmr17.pfb></usr/local/texlive/2024/texmf-dist/fonts/type1/public/amsfonts/cm/cmr8.pfb></usr/local/texlive/2024/texmf-dist/fonts/type1/public/amsfonts/cm/cmsy8.pfb></usr/local/texlive/2024/texmf-dist/fonts/type1/public/amsfonts/latxfont/line10.pfb></usr/local/texlive/2024/texmf-dist/fonts/type1/public/lm/lmbx10.pfb></usr/local/texlive/2024/texmf-dist/fonts/type1/public/lm/lmbx12.pfb></usr/local/texlive/2024/texmf-dist/fonts/type1/public/lm/lmbx7.pfb></usr/local/texlive/2024/texmf-dist/fonts/type1/public/lm/lmbx8.pfb></usr/local/texlive/2024/texmf-dist/fonts/type1/public/lm/lmbx9.pfb></usr/local/texlive/2024/texmf-dist/fonts/type1/public/lm/lmbxi10.pfb></usr/local/texlive/2024/texmf-dist/fonts/type1/public/lm/lmcsc10.pfb></usr/local/texlive/2024/texmf-dist/fonts/type1/public/lm/lmex10.pfb></usr/local/texlive/2024/texmf-dist/fonts/type1/public/lm/lmmi10.pfb></usr/local/texlive/2024/texmf-dist/fonts/type1/public/lm/lmmi12.pfb></usr/local/texlive/2024/texmf-dist/fonts/type1/public/lm/lmmi5.pfb></usr/local/texlive/2024/texmf-dist/fonts/type1/public/lm/lmmi7.pfb></usr/local/texlive/2024/texmf-dist/fonts/type1/public/lm/lmmi8.pfb></usr/local/texlive/2024/texmf-dist/fonts/type1/public/lm/lmr10.pfb></usr/local/texlive/2024/texmf-dist/fonts/type1/public/lm/lmr12.pfb></usr/local/texlive/2024/texmf-dist/fonts/type1/public/lm/lmr17.pfb></usr/local/texlive/2024/texmf-dist/fonts/type1/public/lm/lmr5.pfb></usr/local/texlive/2024/texmf-dist/fonts/type1/public/lm/lmr6.pfb></usr/local/texlive/2024/texmf-dist/fonts/type1/public/lm/lmr7.pfb></usr/local/texlive/2024/texmf-dist/fonts/type1/public/lm/lmr8.pfb></usr/local/texlive/2024/texmf-dist/fonts/type1/public/lm/lmr9.pfb></usr/local/texlive/2024/texmf-dist/fonts/type1/public/lm/lmri10.pfb></usr/local/texlive/2024/texmf-dist/fonts/type1/public/lm/lmri7.pfb></usr/local/texlive/2024/texmf-dist/fonts/type1/public/lm/lmro10.pfb></usr/local/texlive/2024/texmf-dist/fonts/type1/public/lm/lmss8.pfb></usr/local/texlive/2024/texmf-dist/fonts/type1/public/lm/lmsy10.pfb></usr/local/texlive/2024/texmf-dist/fonts/type1/public/lm/lmsy5.pfb></usr/local/texlive/2024/texmf-dist/fonts/type1/public/lm/lmsy7.pfb></usr/local/texlive/2024/texmf-dist/fonts/type1/public/amsfonts/symbols/msam10.pfb></usr/local/texlive/2024/texmf-dist/fonts/type1/public/amsfonts/symbols/msbm10.pfb></usr/local/texlive/2024/texmf-dist/fonts/type1/public/cm-super/sftt0900.pfb></usr/local/texlive/2024/texmf-dist/fonts/type1/public/cm-super/sftt1000.pfb>
Output written on sample-article.pdf (201 pages, 5733117 bytes).
PDF statistics:
 5515 PDF objects out of 6186 (max. 8388607)
 4750 compressed objects within 48 object streams
 2307 named destinations out of 2487 (max. 500000)
 139980 words of extra memory for PDF output out of 154059 (max. 10000000)

